"Id","Path","Slice Name","Alias(s)","Label","Min","Max","Must Support?","Is Modifier?","Is Summary?","Type(s)","Short","Definition","Comments","Requirements","Default Value","Meaning When Missing","Fixed Value","Pattern","Example","Minimum Value","Maximum Value","Maximum Length","Binding Strength","Binding Description","Binding Value Set","Code","Slicing Discriminator","Slicing Description","Slicing Ordered","Slicing Rules","Base Path","Base Min","Base Max","Condition(s)","Constraint(s)","Mapping: Workflow Pattern","Mapping: RIM Mapping","Mapping: FiveWs Pattern Mapping","Mapping: Object Implementation Information"
"PlanDefinition","PlanDefinition","","","",0,*,"","","","null {[]} {[]}
","TBD","TBD","","","","","","","","","",,,,,"",,,,"PlanDefinition",0,*,"","cnl-0:名称は、コード生成などの機械処理アプリケーションによるモジュールの識別子として使用できるべきである / Name should be usable as an identifier for the module by machine processing applications such as code generation {name.exists() implies name.matches('[A-Z]([A-Za-z0-9_]){0,254}')}
dom-2:リソースが別のリソースに含まれている場合、ネストされたリソースを含めてはなりません / If the resource is contained in another resource, it SHALL NOT contain nested Resources {contained.contained.empty()}dom-3:リソースが別のリソースに含まれている場合、それはリソースの他の場所から参照されるか、含有リソースを参照するものとします / If the resource is contained in another resource, it SHALL be referred to from elsewhere in the resource or SHALL refer to the containing resource {contained.where(((id.exists() and ('#'+id in (%resource.descendants().reference | %resource.descendants().as(canonical) | %resource.descendants().as(uri) | %resource.descendants().as(url)))) or descendants().where(reference = '#').exists() or descendants().where(as(canonical) = '#').exists() or descendants().where(as(uri) = '#').exists()).not()).trace('unmatched', id).empty()}dom-4:リソースが別のリソースに含まれている場合、meta.versionidもmeta.lastupdatedも持ってはならない。 / If a resource is contained in another resource, it SHALL NOT have a meta.versionId or a meta.lastUpdated {contained.meta.versionId.empty() and contained.meta.lastUpdated.empty()}dom-5:別のリソースにリソースが含まれている場合、セキュリティラベルはありません / If a resource is contained in another resource, it SHALL NOT have a security label {contained.meta.security.empty()}dom-6:リソースには、堅牢な管理のための叙述(Narative)が存在することが望ましい / A resource should have narrative for robust management {text.`div`.exists()}","Definition","Entity. Role, or Act","Act[classCode=GROUPER;moodCode=DEFN]","clinical.general"
"PlanDefinition.id","PlanDefinition.id","","","",0,1,"","","Y","id {[]} {[]}
","このアーティファクトの論理ID / Logical id of this artifact","リソースのURLで使用されるリソースの論理ID。割り当てられたら、この値は変更されません。 / The logical id of the resource, as used in the URL for the resource. Once assigned, this value never changes.","リソースにIDがないのは、IDが作成操作を使用してサーバーに送信されている場合です。 / The only time that a resource does not have an id is when it is being submitted to the server using a create operation.","","","","","","","","",,,,,"",,,,"Resource.id",0,1,"",""
"PlanDefinition.meta","PlanDefinition.meta","","","",0,1,"","","Y","Meta {[]} {[]}
","リソースに関するMetadata / Metadata about the resource","リソースに関するMetadata。これは、インフラストラクチャによって維持されるコンテンツです。コンテンツの変更は、常にリソースのバージョンの変更に関連付けられているとは限りません。 / The metadata about the resource. This is content that is maintained by the infrastructure. Changes to the content might not always be associated with version changes to the resource.","","","","","","","","","",,,,,"",,,,"Resource.meta",0,1,"","ele-1:すべてのFHIR要素には、@valueまたは子要素が必要です / All FHIR elements must have a @value or children {hasValue() or (children().count() > id.count())}
"
"PlanDefinition.implicitRules","PlanDefinition.implicitRules","","","",0,1,"","Y","Y","uri {[]} {[]}
","このコンテンツが作成されたルールのセット / A set of rules under which this content was created","リソースが構築されたときに従った一連のルールへの参照。コンテンツの処理時に理解する必要があります。多くの場合、これは他のプロファイルなどとともに特別なルールを定義する実装ガイドへの参照です。 / A reference to a set of rules that were followed when the resource was constructed, and which must be understood when processing the content. Often, this is a reference to an implementation guide that defines the special rules along with other profiles etc.","このルールセットを主張することは、コンテンツが限られた取引パートナーのセットによってのみ理解されることを制限します。これにより、本質的に長期的にデータの有用性が制限されます。ただし、既存の健康エコシステムは非常に破壊されており、一般的に計算可能な意味でデータを定義、収集、交換する準備ができていません。可能な限り、実装者や仕様ライターはこの要素の使用を避ける必要があります。多くの場合、使用する場合、URLは、これらの特別なルールを他のプロファイル、バリューセットなどとともに叙述(Narative)の一部として定義する実装ガイドへの参照です。 / Asserting this rule set restricts the content to be only understood by a limited set of trading partners. This inherently limits the usefulness of the data in the long term. However, the existing health eco-system is highly fractured, and not yet ready to define, collect, and exchange data in a generally computable sense. Wherever possible, implementers and/or specification writers should avoid using this element. Often, when used, the URL is a reference to an implementation guide that defines these special rules as part of it's narrative along with other profiles, value sets, etc.","","","","","","","","",,,,,"",,,,"Resource.implicitRules",0,1,"","ele-1:すべてのFHIR要素には、@valueまたは子要素が必要です / All FHIR elements must have a @value or children {hasValue() or (children().count() > id.count())}
"
"PlanDefinition.language","PlanDefinition.language","","","",0,1,"","","","code {[]} {[]}
","リソースコンテンツの言語 / Language of the resource content","リソースが書かれている基本言語。 / The base language in which the resource is written.","言語は、インデックス作成とアクセシビリティをサポートするために提供されます（通常、テキストから音声までのサービスなどのサービスが言語タグを使用します）。叙述(Narative)のHTML言語タグは、叙述(Narative)に適用されます。リソース上の言語タグを使用して、リソース内のデータから生成された他のプレゼンテーションの言語を指定できます。すべてのコンテンツが基本言語である必要はありません。リソース。言語は、叙述(Narative)に自動的に適用されると想定されるべきではありません。言語が指定されている場合、HTMLのDIV要素にも指定されている場合（XML：LangとHTML Lang属性の関係については、HTML5のルールを参照してください）。 / Language is provided to support indexing and accessibility (typically, services such as text to speech use the language tag). The html language tag in the narrative applies  to the narrative. The language tag on the resource may be used to specify the language of other presentations generated from the data in the resource. Not all the content has to be in the base language. The Resource.language should not be assumed to apply to the narrative automatically. If a language is specified, it should it also be specified on the div element in the html (see rules in HTML5 for information about the relationship between xml:lang and the html lang attribute).","","","","","","","","",,"preferred","IETF言語タグ / IETF language tag","http://hl7.org/fhir/ValueSet/languages|4.3.0","",,,,"Resource.language",0,1,"","ele-1:すべてのFHIR要素には、@valueまたは子要素が必要です / All FHIR elements must have a @value or children {hasValue() or (children().count() > id.count())}
"
"PlanDefinition.text","PlanDefinition.text","","narrative
htmlxhtmldisplay","",0,1,"","","","Narrative {[]} {[]}
","人間の解釈のためのリソースのテキスト概要 / Text summary of the resource, for human interpretation","リソースの概要を含み、人間へのリソースの内容を表すために使用できる人間の読み取り可能な叙述(Narative)。叙述(Narative)はすべての構造化されたデータをエンコードする必要はありませんが、人間が叙述(Narative)を読むだけで「臨床的に安全」にするために十分な詳細を含める必要があります。リソースの定義は、臨床的安全を確保するために、叙述(Narative)で表現するコンテンツを定義する場合があります。 / A human-readable narrative that contains a summary of the resource and can be used to represent the content of the resource to a human. The narrative need not encode all the structured data, but is required to contain sufficient detail to make it ""clinically safe"" for a human to just read the narrative. Resource definitions may define what content should be represented in the narrative to ensure clinical safety.","含まれるリソースには叙述(Narative)がありません。含まれていないリソースには叙述(Narative)が必要です。場合によっては、リソースには、追加の個別のデータがほとんどまたはまったくないテキストのみがあります（すべてのMinoccur = 1要素が満たされている限り）。これは、情報がtext blob (バイナリー ラージ オブジェクト)としてキャプチャされるレガシーシステムからのデータ、またはテキストが生またはナレーションされ、エンコードされた情報が後で追加される場合に必要になる場合があります。 / Contained resources do not have narrative. Resources that are not contained SHOULD have a narrative. In some cases, a resource may only have text with little or no additional discrete data (as long as all minOccurs=1 elements are satisfied).  This may be necessary for data from legacy systems where information is captured as a ""text blob"" or where text is additionally entered raw or narrated and encoded information is added later.","","","","","","","","",,,,,"",,,,"DomainResource.text",0,1,"","ele-1:すべてのFHIR要素には、@valueまたは子要素が必要です / All FHIR elements must have a @value or children {hasValue() or (children().count() > id.count())}
","Act.text?"
"PlanDefinition.contained","PlanDefinition.contained","","inline resources
anonymous resourcescontained resources","",0,*,"","","","Resource {[]} {[]}
","インラインリソースが含まれています / Contained, inline Resources","これらのリソースには、それらを含むリソースを除いて独立した存在はありません - 独立して特定することはできず、独自の独立したトランザクションスコープを持つこともできません。 / These resources do not have an independent existence apart from the resource that contains them - they cannot be identified independently, and nor can they have their own independent transaction scope.","識別が失われると、コンテンツを適切に識別できる場合は、これを行うべきではありません。含まれるリソースには、メタ要素にプロファイルとタグがある場合がありますが、セキュリティラベルはありません。 / This should never be done when the content can be identified properly, as once identification is lost, it is extremely difficult (and context dependent) to restore it again. Contained resources may have profiles and tags In their meta elements, but SHALL NOT have security labels.","","","","","","","","",,,,,"",,,,"DomainResource.contained",0,*,"","dom-r4b:R4リソース内に新しいR4Bリソースを含めると、インスタンスがR4システムと共有された場合に相互運用性の問題が発生する可能性があります / Containing new R4B resources within R4 resources may cause interoperability issues if instances are shared with R4 systems {($this is Citation or $this is Evidence or $this is EvidenceReport or $this is EvidenceVariable or $this is MedicinalProductDefinition or $this is PackagedProductDefinition or $this is AdministrableProductDefinition or $this is Ingredient or $this is ClinicalUseDefinition or $this is RegulatedAuthorization or $this is SubstanceDefinition or $this is SubscriptionStatus or $this is SubscriptionTopic) implies (%resource is Citation or %resource is Evidence or %resource is EvidenceReport or %resource is EvidenceVariable or %resource is MedicinalProductDefinition or %resource is PackagedProductDefinition or %resource is AdministrableProductDefinition or %resource is Ingredient or %resource is ClinicalUseDefinition or %resource is RegulatedAuthorization or %resource is SubstanceDefinition or %resource is SubscriptionStatus or %resource is SubscriptionTopic)}
","N/A"
"PlanDefinition.extension","PlanDefinition.extension","","","",0,*,"","","","Extension {[]} {[]}
","Extension","An Extension","","","","","","","","","",,,,,"","value:url}
","",,"open","DomainResource.extension",0,*,"","ele-1:すべてのFHIR要素には、@valueまたは子要素が必要です / All FHIR elements must have a @value or children {hasValue() or (children().count() > id.count())}
ext-1:両方ではなく、拡張または値[x]が必要です / Must have either extensions or value[x], not both {extension.exists() != value.exists()}"
"PlanDefinition.extension:regimenType","PlanDefinition.extension","regimenType","","",0,1,"","","","Extension {[CanonicalType[http://jpfhir.jp/fhir/core/Extension/StructureDefinition/JP_PlanDefinition_ChemotherapyRegimen_RegimenType]]} {[]}
","【仮】レジメン種別に関する情報","レジメン種別に関する情報を格納するためのExtension。","レジメン種別に関する情報を表現する拡張","","","","","","","","",,,,,"",,,,"DomainResource.extension",0,*,"ele-1
","ele-1:空のParametersリソースでない限り、すべてのFHIR要素には@valueまたはchildrenが必要です / All FHIR elements must have a @value or children unless an empty Parameters resource {hasValue() or (children().count() > id.count()) or $this is Parameters}
ext-1:両方ではなく、拡張または値[x]が必要です / Must have either extensions or value[x], not both {extension.exists() != value.exists()}"
"PlanDefinition.modifierExtension","PlanDefinition.modifierExtension","","extensions
user content","",0,*,"","Y","","Extension {[]} {[]}
","無視できない拡張機能 / Extensions that cannot be ignored","リソースの基本的な定義の一部ではなく、それを含む要素の理解および/または含有要素の子孫の理解を変更するために使用される場合があります。通常、修飾子要素は否定または資格を提供します。拡張機能を安全で管理しやすくするために、拡張機能の定義と使用に適用される厳格なガバナンスセットがあります。実装者は拡張機能を定義することが許可されていますが、拡張機能の定義の一部として満たされる一連の要件があります。アプリケーションの処理リソースは、修飾子拡張機能をチェックする必要があります。

モディファイア拡張は、リソースまたはdomainResource上の要素の意味を変更してはなりません（修飾軸自体の意味を変更することはできません）。 / May be used to represent additional information that is not part of the basic definition of the resource and that modifies the understanding of the element that contains it and/or the understanding of the containing element's descendants. Usually modifier elements provide negation or qualification. To make the use of extensions safe and manageable, there is a strict set of governance applied to the definition and use of extensions. Though any implementer is allowed to define an extension, there is a set of requirements that SHALL be met as part of the definition of the extension. Applications processing a resource are required to check for modifier extensions.

Modifier extensions SHALL NOT change the meaning of any elements on Resource or DomainResource (including cannot change the meaning of modifierExtension itself).","拡張機能を使用または定義する機関や管轄権に関係なく、アプリケーション、プロジェクト、または標準による拡張機能の使用に関連するスティグマはありません。拡張機能の使用は、FHIR仕様がすべての人にコアレベルのシンプルさを保持できるようにするものです。 / There can be no stigma associated with the use of extensions by any application, project, or standard - regardless of the institution or jurisdiction that uses or defines the extensions.  The use of extensions is what allows the FHIR specification to retain a core level of simplicity for everyone.","修飾子拡張機能により、安全に無視できる大部分の拡張機能と明確に区別できるように、安全に無視できない拡張機能が可能になります。これにより、実装者が拡張の存在を禁止する必要性を排除することにより、相互運用性が促進されます。詳細については、[修飾子拡張の定義]（拡張性.html＃modifierextension）を参照してください。 / Modifier extensions allow for extensions that *cannot* be safely ignored to be clearly distinguished from the vast majority of extensions which can be safely ignored.  This promotes interoperability by eliminating the need for implementers to prohibit the presence of extensions. For further information, see the [definition of modifier extensions](http://hl7.org/fhir/R4B/extensibility.html#modifierExtension).","","","","","","","",,,,,"",,,,"DomainResource.modifierExtension",0,*,"","ele-1:すべてのFHIR要素には、@valueまたは子要素が必要です / All FHIR elements must have a @value or children {hasValue() or (children().count() > id.count())}
ext-1:両方ではなく、拡張または値[x]が必要です / Must have either extensions or value[x], not both {extension.exists() != value.exists()}","N/A"
"PlanDefinition.url","PlanDefinition.url","","","",0,1,"","","Y","uri {[]} {[]}
","この計画定義の標準identifier、URI（グローバルにユニーク）として表される / Canonical identifier for this plan definition, represented as a URI (globally unique)","この計画定義を特定するために使用される絶対URIは、仕様、モデル、設計、またはインスタンスで参照されている場合に使用されます。その標準identifierとも呼ばれます。これはグローバルにユニークである必要があり、この計画定義の権威あるインスタンスが公開される（または公開される）文字通りのアドレスである必要があります。このURLは、標準的な参照のターゲットになる可能性があります。計画定義が異なるサーバーに保存されている場合、同じままになります。 / An absolute URI that is used to identify this plan definition when it is referenced in a specification, model, design or an instance; also called its canonical identifier. This SHOULD be globally unique and SHOULD be a literal address at which at which an authoritative instance of this plan definition is (or will be) published. This URL can be the target of a canonical reference. It SHALL remain the same when the plan definition is stored on different servers.","urn：uuid：またはurn：oid：しかし、実際のhttp：アドレスが望ましいです。複数のインスタンスが異なるバージョンがある場合、同じURLを共有する場合があります。

新しいバージョンのリソース（同じURL、新しいバージョン）を作成するタイミングの決定と新しいアーティファクトの定義は、著者次第です。この決定を行うための考慮事項は、[テクニカルバージョンとビジネスバージョン]（resource.html＃バージョン）にあります。

場合によっては、リソースは記載されているURLで見つけることができなくなりますが、URL自体は変更できません。実装では、[Meta.Source]（Resource.html＃Meta）要素を使用して、リソースの現在のマスターソースがどこにあるかを示すことができます。 / Can be a urn:uuid: or a urn:oid: but real http: addresses are preferred.  Multiple instances may share the same URL if they have a distinct version.

The determination of when to create a new version of a resource (same url, new version) vs. defining a new artifact is up to the author.  Considerations for making this decision are found in [Technical and Business Versions](http://hl7.org/fhir/R4B/resource.html#versions). 

In some cases, the resource can no longer be found at the stated url, but the url itself cannot change. Implementations can use the [meta.source](http://hl7.org/fhir/R4B/resource.html#meta) element to indicate where the current master source of the resource can be found.","プラン定義を、単一のグローバルに一意のidentifierによって参照できるようにします。 / Allows the plan definition to be referenced by a single globally unique identifier.","","","","","","","",,,,,"",,,,"PlanDefinition.url",0,1,"","ele-1:すべてのFHIR要素には、@valueまたは子要素が必要です / All FHIR elements must have a @value or children {hasValue() or (children().count() > id.count())}
","Definition.url",".identifier[scope=BUSN;reliability=ISS]","FiveWs.identifier"
"PlanDefinition.identifier","PlanDefinition.identifier","","","",0,*,"","","Y","Identifier {[]} {[]}
","計画定義の追加identifier / Additional identifier for the plan definition","他の形式で表されている場合、または仕様、モデル、設計、またはインスタンスで参照される場合に、この計画定義を識別するために使用される正式なidentifier。 / A formal identifier that is used to identify this plan definition when it is represented in other formats, or referenced in a specification, model, design or an instance.","通常、これは、HL7 V3 II（インスタンスidentifier）データ型に移動できるidentifierに使用され、論理URIを使用できないFHIR以外でこの計画定義を識別できます。 / Typically, this is used for identifiers that can go in an HL7 V3 II (instance identifier) data type, and can then identify this plan definition outside of FHIR, where it is not possible to use the logical URI.","外部から提供可能なビジネスidentifierをモジュールに簡単に関連付けることができます。 / Allows externally provided and/or usable business identifiers to be easily associated with the module.","","","","","","","",,,,,"",,,,"PlanDefinition.identifier",0,*,"","ele-1:すべてのFHIR要素には、@valueまたは子要素が必要です / All FHIR elements must have a @value or children {hasValue() or (children().count() > id.count())}
","Definition.identifier",".identifier","FiveWs.identifier","no-gen-base"
"PlanDefinition.version","PlanDefinition.version","","","",0,1,"","","Y","string {[]} {[]}
","計画定義のビジネスバージョン / Business version of the plan definition","プラン定義のこのバージョンを識別するために使用されるidentifierは、仕様、モデル、設計、またはインスタンスで参照されている場合に使用されます。これは、計画定義著者によって管理される任意の価値であり、グローバルにユニークであるとは期待されていません。たとえば、マネージドバージョンが利用できない場合は、タイムスタンプ（Yyyymmddなど）かもしれません。また、バージョンを辞書的なシーケンスに配置できるという期待もありません。意思決定サポートサービスの仕様と一致するバージョンを提供するには、Major.minor.revisionの形式（1.0.0など）を使用します。バージョンの知識資産の詳細については、意思決定支援サービスの仕様を参照してください。非実験的アクティブアーティファクトにはバージョンが必要であることに注意してください。 / The identifier that is used to identify this version of the plan definition when it is referenced in a specification, model, design or instance. This is an arbitrary value managed by the plan definition author and is not expected to be globally unique. For example, it might be a timestamp (e.g. yyyymmdd) if a managed version is not available. There is also no expectation that versions can be placed in a lexicographical sequence. To provide a version consistent with the Decision Support Service specification, use the format Major.Minor.Revision (e.g. 1.0.0). For more information on versioning knowledge assets, refer to the Decision Support Service specification. Note that a version is required for non-experimental active artifacts.","同じidentifierを持っているが異なるバージョンを持つさまざまなプラン定義インスタンスがある場合があります。バージョンは、[url] | [バージョン]を使用して、プラン定義の特定のビジネスバージョンへの参照を許可するために、参照でURLに追加できます。 / There may be different plan definition instances that have the same identifier but different versions.  The version can be appended to the url in a reference to allow a reference to a particular business version of the plan definition with the format [url]|[version].","","","","","","","","",,,,,"",,,,"PlanDefinition.version",0,1,"","ele-1:すべてのFHIR要素には、@valueまたは子要素が必要です / All FHIR elements must have a @value or children {hasValue() or (children().count() > id.count())}
","Definition.version","N/A (to add?)","FiveWs.version"
"PlanDefinition.name","PlanDefinition.name","","","",0,1,"","","Y","string {[]} {[]}
","この計画の定義の名前（コンピューターフレンドリー） / Name for this plan definition (computer friendly)","計画定義を識別する自然言語名。この名前は、コード生成などのマシン処理アプリケーションにより、モジュールのidentifierとして使用できる必要があります。 / A natural language name identifying the plan definition. This name should be usable as an identifier for the module by machine processing applications such as code generation.","名前はグローバルにユニークであるとは予想されていません。名前は、機械加工に優しいことを確認するための単純な英数字タイプの名前である必要があります。 / The name is not expected to be globally unique. The name should be a simple alphanumeric type name to ensure that it is machine-processing friendly.","ヒューマンナビゲーションとコード生成をサポートします。 / Support human navigation and code generation.","","","","","","","",,,,,"",,,,"PlanDefinition.name",0,1,"cnl-0
","ele-1:すべてのFHIR要素には、@valueまたは子要素が必要です / All FHIR elements must have a @value or children {hasValue() or (children().count() > id.count())}
","N/A (to add?)"
"PlanDefinition.title","PlanDefinition.title","","","",0,1,"","","Y","string {[]} {[]}
","この計画の定義の名前（人間に優しい） / Name for this plan definition (human friendly)","プラン定義の短い、説明的なユーザーフレンドリーなタイトル。 / A short, descriptive, user-friendly title for the plan definition.","この名前は、機械加工に優しいものである必要はなく、句読点、ホワイトスペースなどが含まれている場合があります。 / This name does not need to be machine-processing friendly and may contain punctuation, white-space, etc.","","","","","","","","",,,,,"",,,,"PlanDefinition.title",0,1,"","ele-1:すべてのFHIR要素には、@valueまたは子要素が必要です / All FHIR elements must have a @value or children {hasValue() or (children().count() > id.count())}
","Definition.title",".title"
"PlanDefinition.subtitle","PlanDefinition.subtitle","","","",0,1,"","","","string {[]} {[]}
","計画定義の下位タイトル / Subordinate title of the plan definition","計画定義の説明または代替タイトルは、そのコンテンツに関する追加情報を提供します。 / An explanatory or alternate title for the plan definition giving additional information about its content.","","","","","","","","","",,,,,"",,,,"PlanDefinition.subtitle",0,1,"","ele-1:すべてのFHIR要素には、@valueまたは子要素が必要です / All FHIR elements must have a @value or children {hasValue() or (children().count() > id.count())}
","N/A"
"PlanDefinition.type","PlanDefinition.type","","","",0,1,"","","Y","CodeableConcept {[]} {[]}
","注文セット|臨床プロトコル|ECAルール|ワークフロー定義 / order-set | clinical-protocol | eca-rule | workflow-definition","プラン定義に関心のある種類のシステムを区別する計画定義の高レベルのカテゴリ。 / A high-level category for the plan definition that distinguishes the kinds of systems that would be interested in the plan definition.","","","","","","","","","",,"extensible","プランディングのタイプ。 / The type of PlanDefinition.","http://hl7.org/fhir/ValueSet/plan-definition-type|4.3.0","",,,,"PlanDefinition.type",0,1,"","ele-1:すべてのFHIR要素には、@valueまたは子要素が必要です / All FHIR elements must have a @value or children {hasValue() or (children().count() > id.count())}
","N/A (to add?)"
"PlanDefinition.status","PlanDefinition.status","","","",1,1,"","Y","Y","code {[]} {[]}
","ドラフト|アクティブ|引退|わからない / draft | active | retired | unknown","この計画定義のステータス。コンテンツのライフサイクルを追跡することができます。 / The status of this plan definition. Enables tracking the life-cycle of the content.","使用に適した計画定義のフィルタリングを使用できます。 / Allows filtering of plan definitions that are appropriate for use versus not.","","","","","","","","",,"required","アーティファクトのライフサイクルステータス。 / The lifecycle status of an artifact.","http://hl7.org/fhir/ValueSet/publication-status|4.3.0","",,,,"PlanDefinition.status",1,1,"","ele-1:すべてのFHIR要素には、@valueまたは子要素が必要です / All FHIR elements must have a @value or children {hasValue() or (children().count() > id.count())}
","Definition.status {different ValueSet}",".status","FiveWs.status"
"PlanDefinition.experimental","PlanDefinition.experimental","","","",0,1,"","","Y","boolean {[]} {[]}
","テスト目的で、実際の使用法ではありません / For testing purposes, not real usage","この計画の定義は、テスト目的（または教育/評価/マーケティング）のために執筆されており、真の使用に使用されることを意図していないことを示すブール値。 / A Boolean value to indicate that this plan definition is authored for testing purposes (or education/evaluation/marketing) and is not intended to be used for genuine usage.","使用に適した計画定義のフィルタリングを使用できます。 / Allows filtering of plan definitions that are appropriate for use versus not.","生産レベルの計画定義に使用される同じライフサイクルに従って、実験的なコンテンツを開発できるようにします。 / Enables experimental content to be developed following the same lifecycle that would be used for a production-level plan definition.","","","","","","","",,,,,"",,,,"PlanDefinition.experimental",0,1,"","ele-1:すべてのFHIR要素には、@valueまたは子要素が必要です / All FHIR elements must have a @value or children {hasValue() or (children().count() > id.count())}
","Definition.experimental","N/A (to add?)","FiveWs.class"
"PlanDefinition.subject[x]","PlanDefinition.subject[x]","","","",0,1,"","","","CodeableConcept {[]} {[]}
Reference {[]} {[CanonicalType[http://hl7.org/fhir/StructureDefinition/Group|4.3.0]]}canonical {[]} {[CanonicalType[http://hl7.org/fhir/StructureDefinition/MedicinalProductDefinition|4.3.0], CanonicalType[http://hl7.org/fhir/StructureDefinition/SubstanceDefinition|4.3.0], CanonicalType[http://hl7.org/fhir/StructureDefinition/AdministrableProductDefinition|4.3.0], CanonicalType[http://hl7.org/fhir/StructureDefinition/ManufacturedItemDefinition|4.3.0], CanonicalType[http://hl7.org/fhir/StructureDefinition/PackagedProductDefinition|4.3.0]]}","個人のタイプ計画定義は焦点を当てています / Type of individual the plan definition is focused on","プラン定義の対象となる主題を記述または識別するコード、グループ定義、またはカノニカル参照。カノニカル参照は、医薬品および物質の品質仕様のプロトコル定義をサポートするために許可されており、MedicinalProductDefinition、SubstanceDefinition、AdministrableProductDefinition、ManufacturedItemDefinition、またはPackagedProductDefinitionリソースを参照できます。 / A code, group definition, or canonical reference that describes  or identifies the intended subject of the plan definition. Canonical references are allowed to support the definition of protocols for drug and substance quality specifications, and is allowed to reference a MedicinalProductDefinition, SubstanceDefinition, AdministrableProductDefinition, ManufacturedItemDefinition, or PackagedProductDefinition resource.","subject要素のcanonical型の選択肢はR4Bで医薬品品質のユースケースをサポートするために導入されたことに注意。できるだけ後方互換性を確保するため、新しいcanonical型はこれらのユースケースでのみ使用することが推奨される。 / Note that the choice of canonical for the subject element was introduced in R4B to support pharmaceutical quality use cases. To ensure as much backwards-compatibility as possible, it is recommended to only use the new canonical type with these use cases.","","","忍耐強い / Patient","","","","","",,"extensible","計画定義の可能性のある被験者（患者、開業医、組織、場所など）の可能なタイプ。 / The possible types of subjects for a plan definition (E.g. Patient, Practitioner, Organization, Location, etc.).","http://hl7.org/fhir/ValueSet/subject-type|4.3.0","",,,,"PlanDefinition.subject[x]",0,1,"","ele-1:すべてのFHIR要素には、@valueまたは子要素が必要です / All FHIR elements must have a @value or children {hasValue() or (children().count() > id.count())}
","Definition.subject","N/A"
"PlanDefinition.date","PlanDefinition.date","","Revision Date
","",0,1,"","","Y","dateTime {[]} {[]}
","日付は最後に変更されました / Date last changed","計画定義が公開された日付（およびオプションでの時刻）。ビジネスバージョンが変更されたときに日付が変更され、ステータスコードが変更された場合は変更する必要があります。さらに、計画定義の実質的な内容が変更されると、変更されるはずです。 / The date  (and optionally time) when the plan definition was published. The date must change when the business version changes and it must change if the status code changes. In addition, it should change when the substantive content of the plan definition changes.","リソースは計画定義の二次表現である可能性があるため、これはリソースのラスト修飾日と同じではないことに注意してください。追加の特定の日付は、拡張機能として追加されるか、リソースの過去のバージョンに関連する提案に相談することで見つけることができます。 / Note that this is not the same as the resource last-modified-date, since the resource may be a secondary representation of the plan definition. Additional specific dates may be added as extensions or be found by consulting Provenances associated with past versions of the resource.","","","","","","","","",,,,,"",,,,"PlanDefinition.date",0,1,"","ele-1:すべてのFHIR要素には、@valueまたは子要素が必要です / All FHIR elements must have a @value or children {hasValue() or (children().count() > id.count())}
","Definition.date",".participation[typeCode=AUT].time","FiveWs.recorded"
"PlanDefinition.publisher","PlanDefinition.publisher","","","",0,1,"","","Y","string {[]} {[]}
","出版社の名前（組織または個人） / Name of the publisher (organization or individual)","計画定義を公開した組織または個人の名前。 / The name of the organization or individual that published the plan definition.","通常、組織ですが、個人かもしれません。プラン定義の出版社（またはスチュワード）は、計画定義のメンテナンスと維持の主な責任者です。これは、必ずしもコンテンツを開発し、最初に執筆した個人または組織ではありません。出版社は、計画の定義に関する質問や問題の主な連絡先です。情報がコンテキストから利用可能でない限り、このアイテムは入力する必要があります。 / Usually an organization but may be an individual. The publisher (or steward) of the plan definition is the organization or individual primarily responsible for the maintenance and upkeep of the plan definition. This is not necessarily the same individual or organization that developed and initially authored the content. The publisher is the primary point of contact for questions or issues with the plan definition. This item SHOULD be populated unless the information is available from context.","計画定義の「権限/信頼性」を確立するのに役立ちます。また、接触を許可する場合があります。 / Helps establish the ""authority/credibility"" of the plan definition.  May also allow for contact.","","","","","","","",,,,,"",,,,"PlanDefinition.publisher",0,1,"","ele-1:すべてのFHIR要素には、@valueまたは子要素が必要です / All FHIR elements must have a @value or children {hasValue() or (children().count() > id.count())}
","Definition.publisher",".participation[typeCode=AUT].role","FiveWs.witness"
"PlanDefinition.contact","PlanDefinition.contact","","","",0,*,"","","Y","ContactDetail {[]} {[]}
","出版社の連絡先の詳細 / Contact details for the publisher","ユーザーがパブリッシャーを見つけて通信するのを支援する連絡先の詳細。 / Contact details to assist a user in finding and communicating with the publisher.","Webサイト、電子メールアドレス、電話番号などです。 / May be a web site, an email address, a telephone number, etc.","","","","","","","","",,,,,"",,,,"PlanDefinition.contact",0,*,"","ele-1:すべてのFHIR要素には、@valueまたは子要素が必要です / All FHIR elements must have a @value or children {hasValue() or (children().count() > id.count())}
","Definition.contact",".participation[typeCode=CALLBCK].role"
"PlanDefinition.description","PlanDefinition.description","","","",0,1,"","","Y","markdown {[]} {[]}
","計画定義の自然言語の説明 / Natural language description of the plan definition","消費者の観点からの計画定義の無料テキスト自然言語説明。 / A free text natural language description of the plan definition from a consumer's perspective.","この説明は、計画定義が作成された理由、誤用に関するコメント、臨床使用と解釈の指示、文献の参照、紙の世界からの例などの詳細をキャプチャするために使用できます。これは、伝えられる計画定義のレンダリングではありません。リソース自体の「テキスト」フィールド。この項目は、情報がコンテキストから利用可能でない限り入力する必要があります（たとえば、計画定義の言語は、計画定義が作成された場所の主要な言語であると推定されます）。 / This description can be used to capture details such as why the plan definition was built, comments about misuse, instructions for clinical use and interpretation, literature references, examples from the paper world, etc. It is not a rendering of the plan definition as conveyed in the 'text' field of the resource itself. This item SHOULD be populated unless the information is available from context (e.g. the language of the plan definition is presumed to be the predominant language in the place the plan definition was created).","","","","","","","","",,,,,"",,,,"PlanDefinition.description",0,1,"","ele-1:すべてのFHIR要素には、@valueまたは子要素が必要です / All FHIR elements must have a @value or children {hasValue() or (children().count() > id.count())}
","Definition.description",".text"
"PlanDefinition.useContext","PlanDefinition.useContext","","","",0,*,"","","Y","UsageContext {[]} {[]}
","【仮】対象疾患","コンテンツは、リストされているコンテキストをサポートすることを目的として開発されました。これらのコンテキストは、一般的なカテゴリ（性別、年齢、...）であるか、特定のプログラム（保険プラン、研究など）への参照である場合があり、適切な計画定義インスタンスのインデックス作成と検索を支援するために使用できます。 / The content was developed with a focus and intent of supporting the contexts that are listed. These contexts may be general categories (gender, age, ...) or may be references to specific programs (insurance plans, studies, ...) and may be used to assist with indexing and searching for appropriate plan definition instances.","複数のUSECONTEXTSが指定されている場合、すべてまたはどのコンテキストが適用されるという期待はありません。 / When multiple useContexts are specified, there is no expectation that all or any of the contexts apply.","適切なコンテンツの検索を支援します。 / Assist in searching for appropriate content.","","","","","","","",,,,,"",,,,"PlanDefinition.useContext",0,*,"","ele-1:すべてのFHIR要素には、@valueまたは子要素が必要です / All FHIR elements must have a @value or children {hasValue() or (children().count() > id.count())}
","Definition.useContext","N/A (to add?)"
"PlanDefinition.jurisdiction","PlanDefinition.jurisdiction","","","",0,*,"","","Y","CodeableConcept {[]} {[]}
","計画定義のための対象管轄区域（該当する場合） / Intended jurisdiction for plan definition (if applicable)","計画定義を使用することを目的としている法的または地理的地域。 / A legal or geographic region in which the plan definition is intended to be used.","計画定義は、元々設計または意図されたもの以外の管轄区域で使用される可能性があります。 / It may be possible for the plan definition to be used in jurisdictions other than those for which it was originally designed or intended.","","","","","","","","",,"extensible","このアーティファクトが使用することを目的としている国と地域。 / Countries and regions within which this artifact is targeted for use.","http://hl7.org/fhir/ValueSet/jurisdiction|4.3.0","",,,,"PlanDefinition.jurisdiction",0,*,"","ele-1:すべてのFHIR要素には、@valueまたは子要素が必要です / All FHIR elements must have a @value or children {hasValue() or (children().count() > id.count())}
","Definition.jurisdiction","N/A (to add?)"
"PlanDefinition.purpose","PlanDefinition.purpose","","","",0,1,"","","","markdown {[]} {[]}
","この計画定義が定義されている理由 / Why this plan definition is defined","この計画定義が必要な理由と、それがそのまま設計された理由の説明。 / Explanation of why this plan definition is needed and why it has been designed as it has.","この要素は、計画定義の使用法を説明していません。代わりに、リソースが必要であるか、「なぜ」のどちらかのように定義されている「なぜ」のトレーサビリティを提供します。これは、この計画定義の構造を促進する材料または仕様を調達するために使用できます。 / This element does not describe the usage of the plan definition. Instead, it provides traceability of ''why'' the resource is either needed or ''why'' it is defined as it is.  This may be used to point to source materials or specifications that drove the structure of this plan definition.","","","","","","","","",,,,,"",,,,"PlanDefinition.purpose",0,1,"","ele-1:すべてのFHIR要素には、@valueまたは子要素が必要です / All FHIR elements must have a @value or children {hasValue() or (children().count() > id.count())}
","Definition.purpose",".reasonCode.text","FiveWs.why[x]","no-gen-base"
"PlanDefinition.usage","PlanDefinition.usage","","","",0,1,"","","","string {[]} {[]}
","計画の臨床的使用について説明します / Describes the clinical usage of the plan","臨床的観点から計画定義がどのように使用されるかの詳細な説明。 / A detailed description of how the plan definition is used from a clinical perspective.","","","","","","","","","",,,,,"",,,,"PlanDefinition.usage",0,1,"","ele-1:すべてのFHIR要素には、@valueまたは子要素が必要です / All FHIR elements must have a @value or children {hasValue() or (children().count() > id.count())}
","N/A (to add?)"
"PlanDefinition.copyright","PlanDefinition.copyright","","License
Restrictions","",0,1,"","","","markdown {[]} {[]}
","使用および/または公開制限 / Use and/or publishing restrictions","計画定義および/またはその内容に関する著作権声明。著作権声明は、一般に、計画定義の使用と公開に関する法的制限です。 / A copyright statement relating to the plan definition and/or its contents. Copyright statements are generally legal restrictions on the use and publishing of the plan definition.","","消費者は、計画定義および/またはそのコンテンツの使用に関する法的制限を決定できる必要があります。 / Consumers must be able to determine any legal restrictions on the use of the plan definition and/or its content.","","","","","","","",,,,,"",,,,"PlanDefinition.copyright",0,1,"","ele-1:すべてのFHIR要素には、@valueまたは子要素が必要です / All FHIR elements must have a @value or children {hasValue() or (children().count() > id.count())}
","Definition.copyright","N/A (to add?)","no-gen-base"
"PlanDefinition.approvalDate","PlanDefinition.approvalDate","","","",0,1,"","","","date {[]} {[]}
","計画定義が出版社によって承認されたとき / When the plan definition was approved by publisher","リソースコンテンツが出版社によって承認された日付。承認は、コンテンツの使用が正式に承認されたときに1回発生します。 / The date on which the resource content was approved by the publisher. Approval happens once when the content is officially approved for usage.","「日付」要素は、軽度の変更または編集の修正のため、承認日よりも最近のものです。 / The 'date' element may be more recent than the approval date because of minor changes or editorial corrections.","","","","","","","","",,,,,"",,,,"PlanDefinition.approvalDate",0,1,"","ele-1:すべてのFHIR要素には、@valueまたは子要素が必要です / All FHIR elements must have a @value or children {hasValue() or (children().count() > id.count())}
","Definition.approvalDate",".outboundRelationship[typeCode=""SUBJ""].act[classCode=CACT;moodCode=EVN;code=""approval""].effectiveTime","no-gen-base"
"PlanDefinition.lastReviewDate","PlanDefinition.lastReviewDate","","","",0,1,"","","","date {[]} {[]}
","計画定義が最後にレビューされたとき / When the plan definition was last reviewed","リソースコンテンツが最後にレビューされた日付。レビューは承認後に定期的に行われますが、元の承認日は変更されません。 / The date on which the resource content was last reviewed. Review happens periodically after approval but does not change the original approval date.","指定されている場合、この日付は元の承認日に従います。 / If specified, this date follows the original approval date.","コンテンツがどれほど「現在」であるかの感覚を与えます。長い間レビューされていないリソースは、適切/関連性が低くなるリスクがある場合があります。 / Gives a sense of how ""current"" the content is.  Resources that have not been reviewed in a long time may have a risk of being less appropriate/relevant.","","","","","","","",,,,,"",,,,"PlanDefinition.lastReviewDate",0,1,"","ele-1:すべてのFHIR要素には、@valueまたは子要素が必要です / All FHIR elements must have a @value or children {hasValue() or (children().count() > id.count())}
","Definition.lastReviewDate",".outboundRelationship[typeCode=""SUBJ""; subsetCode=""RECENT""].act[classCode=CACT;moodCode=EVN;code=""review""].effectiveTime","no-gen-base"
"PlanDefinition.effectivePeriod","PlanDefinition.effectivePeriod","","","",0,1,"","","Y","Period {[]} {[]}
","計画定義が使用されると予想される場合 / When the plan definition is expected to be used","プラン定義コンテンツがアクティブに使用されるか、または計画されている期間。 / The period during which the plan definition content was or is planned to be in active use.","プラン定義の有効期間は、コンテンツが使用に適用され、公開およびレビューの日付とは無関係になっている時期を決定します。たとえば、2016年に使用することを目的とした尺度は、2015年に公開される場合があります。 / The effective period for a plan definition  determines when the content is applicable for usage and is independent of publication and review dates. For example, a measure intended to be used for the year 2016 might be published in 2015.","リソースが施行される前に移行を確立することができ、計画定義の新しいバージョンが代わりに使用される場合と予想される場合、日没プロセスを許可します。 / Allows establishing a transition before a resource comes into effect and also allows for a sunsetting  process when new versions of the plan definition are or are expected to be used instead.","","","","","","","",,,,,"",,,,"PlanDefinition.effectivePeriod",0,1,"","ele-1:すべてのFHIR要素には、@valueまたは子要素が必要です / All FHIR elements must have a @value or children {hasValue() or (children().count() > id.count())}
","Definition.effectivePeriod","N/A (to add?)","no-gen-base"
"PlanDefinition.topic","PlanDefinition.topic","","","",0,*,"","","","CodeableConcept {[]} {[]}
","例えば。教育、治療、評価 / E.g. Education, Treatment, Assessment","計画定義の内容に関連する説明的なトピック。トピックは、フィルタリングと検索に役立つ定義の高レベルの分類を提供します。 / Descriptive topics related to the content of the plan definition. Topics provide a high-level categorization of the definition that can be useful for filtering and searching.","","リポジトリは、トピック検索によって見つけることができるように、計画定義を分類する方法を決定できる必要があります。 / Repositories must be able to determine how to categorize the plan definition so that it can be found by topical searches.","","","","","","","",,"example","検索、ソート、フィルタリングに使用される定義の高レベルの分類。 / High-level categorization of the definition, used for searching, sorting, and filtering.","http://hl7.org/fhir/ValueSet/definition-topic|4.3.0","",,,,"PlanDefinition.topic",0,*,"","ele-1:すべてのFHIR要素には、@valueまたは子要素が必要です / All FHIR elements must have a @value or children {hasValue() or (children().count() > id.count())}
","Definition.subject[x]","N/A (to add?)"
"PlanDefinition.author","PlanDefinition.author","","","",0,*,"","","","ContactDetail {[]} {[]}
","誰がコンテンツを執筆しましたか / Who authored the content","主にコンテンツの作成とメンテナンスに関与する個人または組織。 / An individiual or organization primarily involved in the creation and maintenance of the content.","","","","","","","","","",,,,,"",,,,"PlanDefinition.author",0,*,"","ele-1:すべてのFHIR要素には、@valueまたは子要素が必要です / All FHIR elements must have a @value or children {hasValue() or (children().count() > id.count())}
",".participation[typeCode=AUT]"
"PlanDefinition.editor","PlanDefinition.editor","","","",0,*,"","","","ContactDetail {[]} {[]}
","コンテンツを編集した人 / Who edited the content","主にコンテンツの内部一貫性を担当する個人または組織。 / An individual or organization primarily responsible for internal coherence of the content.","","","","","","","","","",,,,,"",,,,"PlanDefinition.editor",0,*,"","ele-1:すべてのFHIR要素には、@valueまたは子要素が必要です / All FHIR elements must have a @value or children {hasValue() or (children().count() > id.count())}
",".participation[typeCode=AUT]"
"PlanDefinition.reviewer","PlanDefinition.reviewer","","","",0,*,"","","","ContactDetail {[]} {[]}
","コンテンツをレビューした人 / Who reviewed the content","コンテンツのいくつかの側面のレビューを主に担当する個人または組織。 / An individual or organization primarily responsible for review of some aspect of the content.","","","","","","","","","",,,,,"",,,,"PlanDefinition.reviewer",0,*,"","ele-1:すべてのFHIR要素には、@valueまたは子要素が必要です / All FHIR elements must have a @value or children {hasValue() or (children().count() > id.count())}
",".participation[typeCode=VRF] {not clear whether VRF best corresponds to reviewer or endorser}"
"PlanDefinition.endorser","PlanDefinition.endorser","","","",0,*,"","","","ContactDetail {[]} {[]}
","誰がコンテンツを承認しましたか / Who endorsed the content","一部の設定で使用するためにコンテンツを公式に支持する個人または組織。 / An individual or organization responsible for officially endorsing the content for use in some setting.","","","","","","","","","",,,,,"",,,,"PlanDefinition.endorser",0,*,"","ele-1:すべてのFHIR要素には、@valueまたは子要素が必要です / All FHIR elements must have a @value or children {hasValue() or (children().count() > id.count())}
",".participation[typeCode=VRF] {not clear whether VRF best corresponds to reviewer or endorser}"
"PlanDefinition.relatedArtifact","PlanDefinition.relatedArtifact","","","",0,*,"","","","RelatedArtifact {[]} {[]}
","追加のドキュメント、引用 / Additional documentation, citations","追加のドキュメント、正当化、書誌参照などの関連アーチファクト。 / Related artifacts such as additional documentation, justification, or bibliographic references.","関連する各アーティファクトは、添付ファイルまたは別のリソースへの参照のいずれかですが、両方ではありません。 / Each related artifact is either an attachment, or a reference to another resource, but not both.","計画の定義は、コンテンツの正当化と証拠を決定および理解できるように、コンテンツの消費者（および/またはコンテンツによって生成された介入または結果）の十分な情報を提供できる必要があります。 / Plan definitions must be able to provide enough information for consumers of the content (and/or interventions or results produced by the content) to be able to determine and understand the justification for and evidence in support of the content.","","","","","","","",,,,,"",,,,"PlanDefinition.relatedArtifact",0,*,"","ele-1:すべてのFHIR要素には、@valueまたは子要素が必要です / All FHIR elements must have a @value or children {hasValue() or (children().count() > id.count())}
",".outboundRelationship[typeCode=DOC,RSON,PREV, DRIV, USE, COMP] {successor would be PREV w/ inversionInd=true; No support for citation}"
"PlanDefinition.library","PlanDefinition.library","","","",0,*,"","","","canonical {[]} {[CanonicalType[http://hl7.org/fhir/StructureDefinition/Library|4.3.0]]}
","計画定義で使用されるロジック / Logic used by the plan definition","計画定義で使用される正式なロジックを含むライブラリリソースへの参照。 / A reference to a Library resource containing any formal logic used by the plan definition.","","","","","","","","","",,,,,"",,,,"PlanDefinition.library",0,*,"","ele-1:すべてのFHIR要素には、@valueまたは子要素が必要です / All FHIR elements must have a @value or children {hasValue() or (children().count() > id.count())}
","N/A (to add?)"
"PlanDefinition.goal","PlanDefinition.goal","","","",0,*,"","","","BackboneElement {[]} {[]}
","計画が達成しようとしていること / What the plan is trying to accomplish","ゴールは、プラン内の活動が達成しようとする期待される結果を記述します。例えば、体重減少、日常生活動作の回復、予防接種による集団免疫の獲得、プロセス改善目標の達成、品質仕様で指定されたテストの受入基準の達成などです。 / A goal describes an expected outcome that activities within the plan are intended to achieve. For example, weight loss, restoring an activity of daily living, obtaining herd immunity via immunization, meeting a process improvement objective, meeting the acceptance criteria for a test as specified by a quality specification, etc.","","目標情報は、注文セット、プロトコル、およびケア計画の定義に対してキャプチャする必要があります。これは、プロトコルアクティビティの目的をよりよく説明し、派生したケア計画と注文内で特定の目標の作成を導く必要があります。 / Goal information needs to be captured for order sets, protocols, and care plan definitions to better describe the objectives of the protocol activities and to guide the creation of specific goals within the derived care plans and orders.","","","","","","","",,,,,"",,,,"PlanDefinition.goal",0,*,"","ele-1:空のParametersリソースでない限り、すべてのFHIR要素には@valueまたはchildrenが必要です / All FHIR elements must have a @value or children unless an empty Parameters resource {hasValue() or (children().count() > id.count()) or $this is Parameters}
","N/A (to add?)"
"PlanDefinition.goal.id","PlanDefinition.goal.id","","","",0,1,"","","","string {[]} {[]}
","要素間参照のための一意のID / Unique id for inter-element referencing","リソース内の要素の一意のID（内部参照用）。これは、スペースを含まない文字列値である場合があります。 / Unique id for the element within a resource (for internal references). This may be any string value that does not contain spaces.","","","","","","","","","",,,,,"",,,,"Element.id",0,1,"","","n/a"
"PlanDefinition.goal.extension","PlanDefinition.goal.extension","","extensions
user content","",0,*,"","","","Extension {[]} {[]}
","実装で定義された追加のコンテンツ / Additional content defined by implementations","要素の基本的な定義の一部ではない追加情報を表すために使用できます。拡張機能を安全で管理しやすくするために、拡張機能の定義と使用に適用される厳格なガバナンスセットがあります。実装者は拡張機能を定義できますが、拡張機能の定義の一部として満たされる一連の要件があります。 / May be used to represent additional information that is not part of the basic definition of the element. To make the use of extensions safe and manageable, there is a strict set of governance  applied to the definition and use of extensions. Though any implementer can define an extension, there is a set of requirements that SHALL be met as part of the definition of the extension.","拡張機能を使用または定義する機関や管轄権に関係なく、アプリケーション、プロジェクト、または標準による拡張機能の使用に関連するスティグマはありません。拡張機能の使用は、FHIR仕様がすべての人にコアレベルのシンプルさを保持できるようにするものです。 / There can be no stigma associated with the use of extensions by any application, project, or standard - regardless of the institution or jurisdiction that uses or defines the extensions.  The use of extensions is what allows the FHIR specification to retain a core level of simplicity for everyone.","","","","","","","","",,,,,"",,,,"Element.extension",0,*,"","ele-1:すべてのFHIR要素には、@valueまたは子要素が必要です / All FHIR elements must have a @value or children {hasValue() or (children().count() > id.count())}
ext-1:両方ではなく、拡張または値[x]が必要です / Must have either extensions or value[x], not both {extension.exists() != value.exists()}","n/a"
"PlanDefinition.goal.modifierExtension","PlanDefinition.goal.modifierExtension","","extensions
user contentmodifiers","",0,*,"","Y","Y","Extension {[]} {[]}
","認識されていなくても無視できない拡張機能 / Extensions that cannot be ignored even if unrecognized","要素の基本的な定義の一部ではなく、それが含まれている要素の理解、および/または含まれる要素の子孫の理解を変更するために使用される場合があります。通常、修飾子要素は否定または資格を提供します。拡張機能を安全で管理しやすくするために、拡張機能の定義と使用に適用される厳格なガバナンスセットがあります。実装者は拡張機能を定義できますが、拡張機能の定義の一部として満たされる一連の要件があります。アプリケーションの処理リソースは、修飾子拡張機能をチェックする必要があります。

モディファイア拡張は、リソースまたはdomainResource上の要素の意味を変更してはなりません（修飾軸自体の意味を変更することはできません）。 / May be used to represent additional information that is not part of the basic definition of the element and that modifies the understanding of the element in which it is contained and/or the understanding of the containing element's descendants. Usually modifier elements provide negation or qualification. To make the use of extensions safe and manageable, there is a strict set of governance applied to the definition and use of extensions. Though any implementer can define an extension, there is a set of requirements that SHALL be met as part of the definition of the extension. Applications processing a resource are required to check for modifier extensions.

Modifier extensions SHALL NOT change the meaning of any elements on Resource or DomainResource (including cannot change the meaning of modifierExtension itself).","拡張機能を使用または定義する機関や管轄権に関係なく、アプリケーション、プロジェクト、または標準による拡張機能の使用に関連するスティグマはありません。拡張機能の使用は、FHIR仕様がすべての人にコアレベルのシンプルさを保持できるようにするものです。 / There can be no stigma associated with the use of extensions by any application, project, or standard - regardless of the institution or jurisdiction that uses or defines the extensions.  The use of extensions is what allows the FHIR specification to retain a core level of simplicity for everyone.","修飾子拡張機能により、安全に無視できる大部分の拡張機能と明確に区別できるように、安全に無視できない拡張機能が可能になります。これにより、実装者が拡張の存在を禁止する必要性を排除することにより、相互運用性が促進されます。詳細については、[修飾子拡張の定義]（拡張性.html＃modifierextension）を参照してください。 / Modifier extensions allow for extensions that *cannot* be safely ignored to be clearly distinguished from the vast majority of extensions which can be safely ignored.  This promotes interoperability by eliminating the need for implementers to prohibit the presence of extensions. For further information, see the [definition of modifier extensions](http://hl7.org/fhir/R4B/extensibility.html#modifierExtension).","","","","","","","",,,,,"",,,,"BackboneElement.modifierExtension",0,*,"","ele-1:すべてのFHIR要素には、@valueまたは子要素が必要です / All FHIR elements must have a @value or children {hasValue() or (children().count() > id.count())}
ext-1:両方ではなく、拡張または値[x]が必要です / Must have either extensions or value[x], not both {extension.exists() != value.exists()}","N/A"
"PlanDefinition.goal.category","PlanDefinition.goal.category","","","",0,1,"","","","CodeableConcept {[]} {[]}
","例えば。治療、食事、行動 / E.g. Treatment, dietary, behavioral","目標が該当するカテゴリを示します。 / Indicates a category the goal falls within.","","","","","","","","","",,"example","フィルタリングまたはプレゼンテーションの目標をグループ化するためのコードの例。 / Example codes for grouping goals for filtering or presentation.","http://hl7.org/fhir/ValueSet/goal-category|4.3.0","",,,,"PlanDefinition.goal.category",0,1,"","ele-1:すべてのFHIR要素には、@valueまたは子要素が必要です / All FHIR elements must have a @value or children {hasValue() or (children().count() > id.count())}
","N/A (to add?)"
"PlanDefinition.goal.description","PlanDefinition.goal.description","","","",1,1,"","","","CodeableConcept {[]} {[]}
","目標を説明するコードまたはテキスト / Code or text describing the goal","「コントロール血圧」や「障害物コースの交渉」、「結婚式での子供とのダンス」など、特定の希望のケアの目的の人間が読み取り可能および/またはコード化された説明。 / Human-readable and/or coded description of a specific desired objective of care, such as ""control blood pressure"" or ""negotiate an obstacle course"" or ""dance with child at wedding"".","コードが利用できない場合は、codeableconcept.textを使用してください。 / If no code is available, use CodeableConcept.text.","","","","","","","","",,"example","達成できる目標について説明します。 / Describes goals that can be achieved.","http://hl7.org/fhir/ValueSet/clinical-findings|4.3.0","",,,,"PlanDefinition.goal.description",1,1,"","ele-1:すべてのFHIR要素には、@valueまたは子要素が必要です / All FHIR elements must have a @value or children {hasValue() or (children().count() > id.count())}
","N/A (to add?)"
"PlanDefinition.goal.priority","PlanDefinition.goal.priority","","","",0,1,"","","","CodeableConcept {[]} {[]}
","優先度|中程度の優先度|低価格 / high-priority | medium-priority | low-priority","定義された目標に到達/維持することに関連する重要性の予想レベルを特定します。 / Identifies the expected level of importance associated with reaching/sustaining the defined goal.","","","","","","","","","",,"preferred","目標に到達または維持することに関連する重要性のレベルを示します。 / Indicates the level of importance associated with reaching or sustaining a goal.","http://hl7.org/fhir/ValueSet/goal-priority|4.3.0","",,,,"PlanDefinition.goal.priority",0,1,"","ele-1:すべてのFHIR要素には、@valueまたは子要素が必要です / All FHIR elements must have a @value or children {hasValue() or (children().count() > id.count())}
","N/A (to add?)"
"PlanDefinition.goal.start","PlanDefinition.goal.start","","","",0,1,"","","","CodeableConcept {[]} {[]}
","ゴール追跡が始まるとき / When goal pursuit begins","その後のイベントは、目標が追求され始めるはずです。 / The event after which the goal should begin being pursued.","","","","","","","","","",,"example","ゴールの開始をトリガーする可能性のあるイベントの種類を特定します。 / Identifies the types of events that might trigger the start of a goal.","http://hl7.org/fhir/ValueSet/goal-start-event|4.3.0","",,,,"PlanDefinition.goal.start",0,1,"","ele-1:すべてのFHIR要素には、@valueまたは子要素が必要です / All FHIR elements must have a @value or children {hasValue() or (children().count() > id.count())}
","N/A (to add?)"
"PlanDefinition.goal.addresses","PlanDefinition.goal.addresses","","","",0,*,"","","","CodeableConcept {[]} {[]}
","目標は何ですか / What does the goal address","問題、条件、問題、または懸念を特定します。目標は対処することを目的としています。 / Identifies problems, conditions, issues, or concerns the goal is intended to address.","","","","","","","","","",,"example","目標が対処する可能性のある問題、条件、問題、または懸念を特定します。 / Identifies problems, conditions, issues, or concerns that goals may address.","http://hl7.org/fhir/ValueSet/condition-code|4.3.0","",,,,"PlanDefinition.goal.addresses",0,*,"","ele-1:すべてのFHIR要素には、@valueまたは子要素が必要です / All FHIR elements must have a @value or children {hasValue() or (children().count() > id.count())}
","N/A (to add?)"
"PlanDefinition.goal.documentation","PlanDefinition.goal.documentation","","","",0,*,"","","","RelatedArtifact {[]} {[]}
","目標のドキュメントをサポートします / Supporting documentation for the goal","目標に関するさらなるサポート情報を提供する目標に関連する教訓的またはその他の情報リソース。情報リソースには、インラインテキストの解説とWebリソースへのリンクを含めることができます。 / Didactic or other informational resources associated with the goal that provide further supporting information about the goal. Information resources can include inline text commentary and links to web resources.","","","","","","","","","",,,,,"",,,,"PlanDefinition.goal.documentation",0,*,"","ele-1:すべてのFHIR要素には、@valueまたは子要素が必要です / All FHIR elements must have a @value or children {hasValue() or (children().count() > id.count())}
","N/A (to add?)"
"PlanDefinition.goal.target","PlanDefinition.goal.target","","","",0,*,"","","","BackboneElement {[]} {[]}
","目標のターゲット結果 / Target outcome for the goal","何をすべきか、どの時間枠内で何をすべきかを示します。 / Indicates what should be done and within what timeframe.","","","","","","","","","",,,,,"",,,,"PlanDefinition.goal.target",0,*,"","ele-1:空のParametersリソースでない限り、すべてのFHIR要素には@valueまたはchildrenが必要です / All FHIR elements must have a @value or children unless an empty Parameters resource {hasValue() or (children().count() > id.count()) or $this is Parameters}
","N/A (to add?)"
"PlanDefinition.goal.target.id","PlanDefinition.goal.target.id","","","",0,1,"","","","string {[]} {[]}
","要素間参照のための一意のID / Unique id for inter-element referencing","リソース内の要素の一意のID（内部参照用）。これは、スペースを含まない文字列値である場合があります。 / Unique id for the element within a resource (for internal references). This may be any string value that does not contain spaces.","","","","","","","","","",,,,,"",,,,"Element.id",0,1,"","","n/a"
"PlanDefinition.goal.target.extension","PlanDefinition.goal.target.extension","","extensions
user content","",0,*,"","","","Extension {[]} {[]}
","実装で定義された追加のコンテンツ / Additional content defined by implementations","要素の基本的な定義の一部ではない追加情報を表すために使用できます。拡張機能を安全で管理しやすくするために、拡張機能の定義と使用に適用される厳格なガバナンスセットがあります。実装者は拡張機能を定義できますが、拡張機能の定義の一部として満たされる一連の要件があります。 / May be used to represent additional information that is not part of the basic definition of the element. To make the use of extensions safe and manageable, there is a strict set of governance  applied to the definition and use of extensions. Though any implementer can define an extension, there is a set of requirements that SHALL be met as part of the definition of the extension.","拡張機能を使用または定義する機関や管轄権に関係なく、アプリケーション、プロジェクト、または標準による拡張機能の使用に関連するスティグマはありません。拡張機能の使用は、FHIR仕様がすべての人にコアレベルのシンプルさを保持できるようにするものです。 / There can be no stigma associated with the use of extensions by any application, project, or standard - regardless of the institution or jurisdiction that uses or defines the extensions.  The use of extensions is what allows the FHIR specification to retain a core level of simplicity for everyone.","","","","","","","","",,,,,"",,,,"Element.extension",0,*,"","ele-1:すべてのFHIR要素には、@valueまたは子要素が必要です / All FHIR elements must have a @value or children {hasValue() or (children().count() > id.count())}
ext-1:両方ではなく、拡張または値[x]が必要です / Must have either extensions or value[x], not both {extension.exists() != value.exists()}","n/a"
"PlanDefinition.goal.target.modifierExtension","PlanDefinition.goal.target.modifierExtension","","extensions
user contentmodifiers","",0,*,"","Y","Y","Extension {[]} {[]}
","認識されていなくても無視できない拡張機能 / Extensions that cannot be ignored even if unrecognized","要素の基本的な定義の一部ではなく、それが含まれている要素の理解、および/または含まれる要素の子孫の理解を変更するために使用される場合があります。通常、修飾子要素は否定または資格を提供します。拡張機能を安全で管理しやすくするために、拡張機能の定義と使用に適用される厳格なガバナンスセットがあります。実装者は拡張機能を定義できますが、拡張機能の定義の一部として満たされる一連の要件があります。アプリケーションの処理リソースは、修飾子拡張機能をチェックする必要があります。

モディファイア拡張は、リソースまたはdomainResource上の要素の意味を変更してはなりません（修飾軸自体の意味を変更することはできません）。 / May be used to represent additional information that is not part of the basic definition of the element and that modifies the understanding of the element in which it is contained and/or the understanding of the containing element's descendants. Usually modifier elements provide negation or qualification. To make the use of extensions safe and manageable, there is a strict set of governance applied to the definition and use of extensions. Though any implementer can define an extension, there is a set of requirements that SHALL be met as part of the definition of the extension. Applications processing a resource are required to check for modifier extensions.

Modifier extensions SHALL NOT change the meaning of any elements on Resource or DomainResource (including cannot change the meaning of modifierExtension itself).","拡張機能を使用または定義する機関や管轄権に関係なく、アプリケーション、プロジェクト、または標準による拡張機能の使用に関連するスティグマはありません。拡張機能の使用は、FHIR仕様がすべての人にコアレベルのシンプルさを保持できるようにするものです。 / There can be no stigma associated with the use of extensions by any application, project, or standard - regardless of the institution or jurisdiction that uses or defines the extensions.  The use of extensions is what allows the FHIR specification to retain a core level of simplicity for everyone.","修飾子拡張機能により、安全に無視できる大部分の拡張機能と明確に区別できるように、安全に無視できない拡張機能が可能になります。これにより、実装者が拡張の存在を禁止する必要性を排除することにより、相互運用性が促進されます。詳細については、[修飾子拡張の定義]（拡張性.html＃modifierextension）を参照してください。 / Modifier extensions allow for extensions that *cannot* be safely ignored to be clearly distinguished from the vast majority of extensions which can be safely ignored.  This promotes interoperability by eliminating the need for implementers to prohibit the presence of extensions. For further information, see the [definition of modifier extensions](http://hl7.org/fhir/R4B/extensibility.html#modifierExtension).","","","","","","","",,,,,"",,,,"BackboneElement.modifierExtension",0,*,"","ele-1:すべてのFHIR要素には、@valueまたは子要素が必要です / All FHIR elements must have a @value or children {hasValue() or (children().count() > id.count())}
ext-1:両方ではなく、拡張または値[x]が必要です / Must have either extensions or value[x], not both {extension.exists() != value.exists()}","N/A"
"PlanDefinition.goal.target.measure","PlanDefinition.goal.target.measure","","","",0,1,"","","","CodeableConcept {[]} {[]}
","値を追跡するパラメーター / The parameter whose value is to be tracked","値を追跡するパラメーター、例えば体重、血圧、またはヘモグロビンA1Cレベル。 / The parameter whose value is to be tracked, e.g. body weight, blood pressure, or hemoglobin A1c level.","","","","","","","","","",,"example","目標の達成を決定するために追跡できるパラメーターの種類を識別します。 / Identifies types of parameters that can be tracked to determine goal achievement.","http://hl7.org/fhir/ValueSet/observation-codes|4.3.0","",,,,"PlanDefinition.goal.target.measure",0,1,"","ele-1:すべてのFHIR要素には、@valueまたは子要素が必要です / All FHIR elements must have a @value or children {hasValue() or (children().count() > id.count())}
","N/A (to add?)"
"PlanDefinition.goal.target.detail[x]","PlanDefinition.goal.target.detail[x]","","","",0,1,"","","","Quantity {[]} {[]}
Range {[]} {[]}CodeableConcept {[]} {[]}","達成される目標値 / The target value to be achieved","ゴールの達成を示す測定の目標値。例えば150ポンドや7.0%、または医薬品品質の場合はNMT 0.6%、澄明な溶液など。範囲の上限または下限、あるいは両方を指定できます。下限値がない場合、上限値以下の任意の値でゴールが達成されることを示します。同様に、上限値がない場合、下限値以上の任意の値でゴールが達成されることを示します。 / The target value of the measure to be achieved to signify fulfillment of the goal, e.g. 150 pounds or 7.0%, or in the case of pharmaceutical quality - NMT 0.6%, Clear solution, etc. Either the high or low or both values of the range can be specified. When a low value is missing, it indicates that the goal is achieved at any value at or below the high value. Similarly, if the high value is missing, it indicates that the goal is achieved at any value at or above the low value.","","","","","","","","","",,,,,"",,,,"PlanDefinition.goal.target.detail[x]",0,1,"","ele-1:すべてのFHIR要素には、@valueまたは子要素が必要です / All FHIR elements must have a @value or children {hasValue() or (children().count() > id.count())}
","N/A (to add?)"
"PlanDefinition.goal.target.due","PlanDefinition.goal.target.due","","","",0,1,"","","","Duration {[]} {[]}
","内部のゴールに到達します / Reach goal within","ゴールを満たすべき目標の開始後の時間枠を示します。 / Indicates the timeframe after the start of the goal in which the goal should be met.","","","","","","","","","",,,,,"",,,,"PlanDefinition.goal.target.due",0,1,"","ele-1:すべてのFHIR要素には、@valueまたは子要素が必要です / All FHIR elements must have a @value or children {hasValue() or (children().count() > id.count())}
","N/A (to add?)"
"PlanDefinition.action","PlanDefinition.action","","","",0,*,"","","","BackboneElement {[]} {[]}
","計画によって定義されたアクション / Action defined by the plan","プランの一部として実行されるアクションまたはアクションのグループ。例えば、臨床ケアでは、特定の適応薬の処方や、必要に応じた特定の検査の実施がアクションとなります。医薬品品質では、品質仕様で定義された医薬品に対して実施する必要がある試験がアクションとなります。 / An action or group of actions to be taken as part of the plan. For example, in clinical care, an action would be to prescribe a particular indicated medication, or perform a particular test as appropriate. In pharmaceutical quality, an action would be the test that needs to be performed on a drug product as defined in the quality specification.","ここで定義されている多くの要素とActivitydefinitionリソースの間には重複していることに注意してください。Activity -Definitionが参照される場合（定義要素を使用）、計画の重複要素は、特定の要素に特に文書化されていない限り、参照されるActivity -Definitionの内容をオーバーライドします。詳細については、Plandfinitionリソースを参照してください。 / Note that there is overlap between many of the elements defined here and the ActivityDefinition resource. When an ActivityDefinition is referenced (using the definition element), the overlapping elements in the plan override the content of the referenced ActivityDefinition unless otherwise documented in the specific elements. See the PlanDefinition resource for more detailed information.","","","","","","","","",,,,,"",,,,"PlanDefinition.action",0,*,"","ele-1:空のParametersリソースでない限り、すべてのFHIR要素には@valueまたはchildrenが必要です / All FHIR elements must have a @value or children unless an empty Parameters resource {hasValue() or (children().count() > id.count()) or $this is Parameters}
","{Is a contained Definition}","Act[classCode=ACT; moodCode=DEFN]"
"PlanDefinition.action.id","PlanDefinition.action.id","","","",0,1,"","","","string {[]} {[]}
","要素間参照のための一意のID / Unique id for inter-element referencing","リソース内の要素の一意のID（内部参照用）。これは、スペースを含まない文字列値である場合があります。 / Unique id for the element within a resource (for internal references). This may be any string value that does not contain spaces.","","","","","","","","","",,,,,"",,,,"Element.id",0,1,"","","n/a"
"PlanDefinition.action.extension","PlanDefinition.action.extension","","","",0,*,"","","","Extension {[]} {[]}
","Extension","An Extension","","","","","","","","","",,,,,"","value:url}
","",,"open","Element.extension",0,*,"","ele-1:すべてのFHIR要素には、@valueまたは子要素が必要です / All FHIR elements must have a @value or children {hasValue() or (children().count() > id.count())}
ext-1:両方ではなく、拡張または値[x]が必要です / Must have either extensions or value[x], not both {extension.exists() != value.exists()}"
"PlanDefinition.action.extension:timingDaysOfCycle","PlanDefinition.action.extension","timingDaysOfCycle","","",0,*,"","","","Extension {[CanonicalType[http://hl7.org/fhir/StructureDefinition/timing-daysOfCycle|5.2.0]]} {[]}
","Days on which the action should be performed","Days of a possibly repeating cycle on which the action is to be performed. The cycle is defined by the first action with a timing element that is a parent of the daysOfCycle.","The cycle is defined by a parent/containing action, and the daysOfCycle extension is used on individual actions within that cycle to indicate the days of the cycle on which the actions should be performed.","","","","","","","","",,,,,"",,,,"Element.extension",0,*,"","ele-1:All FHIR elements must have a @value or children {hasValue() or (children().count() > id.count())}
ext-1:Must have either extensions or value[x], not both {extension.exists() != value.exists()}"
"PlanDefinition.action.modifierExtension","PlanDefinition.action.modifierExtension","","extensions
user contentmodifiers","",0,*,"","Y","Y","Extension {[]} {[]}
","認識されていなくても無視できない拡張機能 / Extensions that cannot be ignored even if unrecognized","要素の基本的な定義の一部ではなく、それが含まれている要素の理解、および/または含まれる要素の子孫の理解を変更するために使用される場合があります。通常、修飾子要素は否定または資格を提供します。拡張機能を安全で管理しやすくするために、拡張機能の定義と使用に適用される厳格なガバナンスセットがあります。実装者は拡張機能を定義できますが、拡張機能の定義の一部として満たされる一連の要件があります。アプリケーションの処理リソースは、修飾子拡張機能をチェックする必要があります。

モディファイア拡張は、リソースまたはdomainResource上の要素の意味を変更してはなりません（修飾軸自体の意味を変更することはできません）。 / May be used to represent additional information that is not part of the basic definition of the element and that modifies the understanding of the element in which it is contained and/or the understanding of the containing element's descendants. Usually modifier elements provide negation or qualification. To make the use of extensions safe and manageable, there is a strict set of governance applied to the definition and use of extensions. Though any implementer can define an extension, there is a set of requirements that SHALL be met as part of the definition of the extension. Applications processing a resource are required to check for modifier extensions.

Modifier extensions SHALL NOT change the meaning of any elements on Resource or DomainResource (including cannot change the meaning of modifierExtension itself).","拡張機能を使用または定義する機関や管轄権に関係なく、アプリケーション、プロジェクト、または標準による拡張機能の使用に関連するスティグマはありません。拡張機能の使用は、FHIR仕様がすべての人にコアレベルのシンプルさを保持できるようにするものです。 / There can be no stigma associated with the use of extensions by any application, project, or standard - regardless of the institution or jurisdiction that uses or defines the extensions.  The use of extensions is what allows the FHIR specification to retain a core level of simplicity for everyone.","修飾子拡張機能により、安全に無視できる大部分の拡張機能と明確に区別できるように、安全に無視できない拡張機能が可能になります。これにより、実装者が拡張の存在を禁止する必要性を排除することにより、相互運用性が促進されます。詳細については、[修飾子拡張の定義]（拡張性.html＃modifierextension）を参照してください。 / Modifier extensions allow for extensions that *cannot* be safely ignored to be clearly distinguished from the vast majority of extensions which can be safely ignored.  This promotes interoperability by eliminating the need for implementers to prohibit the presence of extensions. For further information, see the [definition of modifier extensions](http://hl7.org/fhir/R4B/extensibility.html#modifierExtension).","","","","","","","",,,,,"",,,,"BackboneElement.modifierExtension",0,*,"","ele-1:すべてのFHIR要素には、@valueまたは子要素が必要です / All FHIR elements must have a @value or children {hasValue() or (children().count() > id.count())}
ext-1:両方ではなく、拡張または値[x]が必要です / Must have either extensions or value[x], not both {extension.exists() != value.exists()}","N/A"
"PlanDefinition.action.prefix","PlanDefinition.action.prefix","","","",0,1,"","","","string {[]} {[]}
","アクションのユーザー可視プレフィックス（例：1またはA） / User-visible prefix for the action (e.g. 1. or A.)","アクションのユーザー可視プレフィックス。 / A user-visible prefix for the action.","","","","","","","","","",,,,,"",,,,"PlanDefinition.action.prefix",0,1,"","ele-1:すべてのFHIR要素には、@valueまたは子要素が必要です / All FHIR elements must have a @value or children {hasValue() or (children().count() > id.count())}
","N/A (to add?)"
"PlanDefinition.action.title","PlanDefinition.action.title","","","",0,1,"","","","string {[]} {[]}
","ユーザー可視タイトル / User-visible title","ユーザーに表示されるアクションのテキスト説明。例えば、アクションが実施すべき試験の場合、タイトルはHPLCによるアッセイなどの試験のタイトルになります。 / The textual description of the action displayed to a user. For example, when the action is a test to be performed, the title would be the title of the test such as Assay by HPLC.","","","","","","","","","",,,,,"",,,,"PlanDefinition.action.title",0,1,"","ele-1:すべてのFHIR要素には、@valueまたは子要素が必要です / All FHIR elements must have a @value or children {hasValue() or (children().count() > id.count())}
","Definition.title",".title"
"PlanDefinition.action.description","PlanDefinition.action.description","","","",0,1,"","","","string {[]} {[]}
","アクションの簡単な説明 / Brief description of the action","ユーザーに表示するための要約を提供するために使用されるアクションの簡単な説明。 / A brief description of the action used to provide a summary to display to the user.","","","","","","","","","",,,,,"",,,,"PlanDefinition.action.description",0,1,"","ele-1:すべてのFHIR要素には、@valueまたは子要素が必要です / All FHIR elements must have a @value or children {hasValue() or (children().count() > id.count())}
","Definition.description",".text"
"PlanDefinition.action.textEquivalent","PlanDefinition.action.textEquivalent","","","",0,1,"","","","string {[]} {[]}
","動的な側面を受信システムによって解釈できない場合に使用されるアクションに相当する静的テキスト / Static text equivalent of the action, used if the dynamic aspects cannot be interpreted by the receiving system","実行されるアクションに相当するテキスト。これにより、定義が動的に解釈できないシステムによって消費される場合、アクションの人間が解釈できる説明が提供されます。 / A text equivalent of the action to be performed. This provides a human-interpretable description of the action when the definition is consumed by a system that might not be capable of interpreting it dynamically.","","","","","","","","","",,,,,"",,,,"PlanDefinition.action.textEquivalent",0,1,"","ele-1:すべてのFHIR要素には、@valueまたは子要素が必要です / All FHIR elements must have a @value or children {hasValue() or (children().count() > id.count())}
","Definition.description",".text"
"PlanDefinition.action.priority","PlanDefinition.action.priority","","","",0,1,"","","","code {[]} {[]}
","ルーチン|緊急|できるだけ早く|統計 / routine | urgent | asap | stat","他のアクションに関して、アクションがどれだけ速く対処されるべきかを示します。 / Indicates how quickly the action should be addressed with respect to other actions.","","","","","","","","","",,"required","リクエストの実行に割り当てられる重要性のレベルを特定します。 / Identifies the level of importance to be assigned to actioning the request.","http://hl7.org/fhir/ValueSet/request-priority|4.3.0","",,,,"PlanDefinition.action.priority",0,1,"","ele-1:すべてのFHIR要素には、@valueまたは子要素が必要です / All FHIR elements must have a @value or children {hasValue() or (children().count() > id.count())}
",".priority"
"PlanDefinition.action.code","PlanDefinition.action.code","","","",0,*,"","","","CodeableConcept {[]} {[]}
","アクションまたはサブアクションの意味を表すコード / Code representing the meaning of the action or sub-actions","アクションまたはアクショングループの意味、グループ化、または分類を提供するコード。例えば、セクションにはドキュメントテンプレートのセクション用のLOINCコードがある場合があります。医薬品品質では、pHなどのアクション（試験）は物理的特性として分類される場合があります。 / A code that provides a meaning, grouping, or classification for the action or action group. For example, a section may have a LOINC code for the section of a documentation template. In pharmaceutical quality, an action (Test) such as pH could be classified as a physical property.","","","","","","","","","",,"example","実行されるアクションの例を提供する。 / Provides examples of actions to be performed.","http://hl7.org/fhir/ValueSet/action-code|4.3.0","",,,,"PlanDefinition.action.code",0,*,"","ele-1:すべてのFHIR要素には、@valueまたは子要素が必要です / All FHIR elements must have a @value or children {hasValue() or (children().count() > id.count())}
",".classCode"
"PlanDefinition.action.reason","PlanDefinition.action.reason","","","",0,*,"","","","CodeableConcept {[]} {[]}
","アクションを実行する必要がある理由 / Why the action should be performed","このアクションが必要または適切である理由の説明。 / A description of why this action is necessary or appropriate.","これは臨床証拠の文書とは異なり、アクションを実行する理由の実際のビジネス記述です。 / This is different than the clinical evidence documentation, it's an actual business description of the reason for performing the action.","","","","","","","","",,"example","アクションを実行する理由の例を提供する。 / Provides examples of reasons for actions to be performed.","http://hl7.org/fhir/ValueSet/action-reason-code|4.3.0","",,,,"PlanDefinition.action.reason",0,*,"","ele-1:すべてのFHIR要素には、@valueまたは子要素が必要です / All FHIR elements must have a @value or children {hasValue() or (children().count() > id.count())}
",".reasonCode"
"PlanDefinition.action.documentation","PlanDefinition.action.documentation","","","",0,*,"","","","RelatedArtifact {[]} {[]}
","意図したアクションのパフォーマーのためのドキュメントをサポートします / Supporting documentation for the intended performer of the action","CDS受信者に提供できるアクションに関連する教訓的またはその他の情報リソース。情報リソースには、インラインテキストの解説とWebリソースへのリンクを含めることができます。 / Didactic or other informational resources associated with the action that can be provided to the CDS recipient. Information resources can include inline text commentary and links to web resources.","","","","","","","","","",,,,,"",,,,"PlanDefinition.action.documentation",0,*,"","ele-1:すべてのFHIR要素には、@valueまたは子要素が必要です / All FHIR elements must have a @value or children {hasValue() or (children().count() > id.count())}
","N/A (to add?)"
"PlanDefinition.action.goalId","PlanDefinition.action.goalId","","","",0,*,"","","","id {[]} {[]}
","このアクションがサポートする目標 / What goals this action supports","このアクションがサポートするゴールを識別します。参照は、このプラン定義内で定義されたゴール要素である必要があります。医薬品品質では、ゴールは特定のアクション（試験）の受入基準（Goal）を表すため、goalIdはアクションの受入基準を確立する定義済みゴール要素の一意のIDになります。 / Identifies goals that this action supports. The reference must be to a goal element defined within this plan definition. In pharmaceutical quality, a goal represents acceptance criteria (Goal) for a given action (Test), so the goalId would be the unique id of a defined goal element establishing the acceptance criteria for the action.","","","","","","","","","",,,,,"",,,,"PlanDefinition.action.goalId",0,*,"","ele-1:すべてのFHIR要素には、@valueまたは子要素が必要です / All FHIR elements must have a @value or children {hasValue() or (children().count() > id.count())}
","N/A (to add?)"
"PlanDefinition.action.subject[x]","PlanDefinition.action.subject[x]","","","",0,1,"","","","CodeableConcept {[]} {[]}
Reference {[]} {[CanonicalType[http://hl7.org/fhir/StructureDefinition/Group|4.3.0]]}canonical {[]} {[]}","個人のタイプアクションが焦点を合わせています / Type of individual the action is focused on","アクションとその子要素（存在する場合）の対象となる主題を記述するコード、グループ定義、またはカノニカル参照。カノニカル参照は、医薬品および物質の品質仕様のプロトコル定義をサポートするために許可されており、MedicinalProductDefinition、SubstanceDefinition、AdministrableProductDefinition、ManufacturedItemDefinition、またはPackagedProductDefinitionリソースを参照できます。 / A code, group definition, or canonical reference that describes the intended subject of the action and its children, if any. Canonical references are allowed to support the definition of protocols for drug and substance quality specifications, and is allowed to reference a MedicinalProductDefinition, SubstanceDefinition, AdministrableProductDefinition, ManufacturedItemDefinition, or PackagedProductDefinition resource.","アクションの主題は、指定されている場合、親のアクションまたはプランディングのルートで被験者を無効にします。

さらに、被験者は実現中に解決する必要があるため、アクション（またはアクションによって参照されるアクティビティデファイニング）での被験者の使用は、コンテキストおよびタイプで提供された被験者のセットに基づいて解決します（つまり、患者の被験者はタイプの患者のリソース）。 / The subject of an action overrides the subject at a parent action or on the root of the PlanDefinition if specified.

In addition, because the subject needs to be resolved during realization, use of subjects in actions (or in the ActivityDefinition referenced by the action) resolves based on the set of subjects supplied in context and by type (i.e. the patient subject would resolve to a resource of type Patient).","プロトコルの複数のステップには、さまざまなもののテストに焦点を当てたさまざまなステップのグループがあります。アクションの主題は、アクションの焦点と子どもの行動を指定します。 / Multiple steps in a protocol often have different groups of steps that are focused on testing different things. The subject of an action specifies the focus of the action and any child actions.","","忍耐強い / Patient","","","","","",,"extensible","計画定義の可能性のある被験者（患者、開業医、組織、場所など）の可能なタイプ。 / The possible types of subjects for a plan definition (E.g. Patient, Practitioner, Organization, Location, etc.).","http://hl7.org/fhir/ValueSet/subject-type|4.3.0","",,,,"PlanDefinition.action.subject[x]",0,1,"","ele-1:すべてのFHIR要素には、@valueまたは子要素が必要です / All FHIR elements must have a @value or children {hasValue() or (children().count() > id.count())}
","Definition.subject","N/A (to add?)"
"PlanDefinition.action.trigger","PlanDefinition.action.trigger","","","",0,*,"","","","TriggerDefinition {[]} {[]}
","アクションをトリガーする場合 / When the action should be triggered","アクションをトリガーする時期の説明。 / A description of when the action should be triggered.","","","","","","","","","",,,,,"",,,,"PlanDefinition.action.trigger",0,*,"","ele-1:すべてのFHIR要素には、@valueまたは子要素が必要です / All FHIR elements must have a @value or children {hasValue() or (children().count() > id.count())}
","N/A (to add?)"
"PlanDefinition.action.condition","PlanDefinition.action.condition","","","",0,*,"","","","BackboneElement {[]} {[]}
","アクションが適用されるかどうか / Whether or not the action is applicable","アクションの適用性基準または開始/停止条件を説明する式。 / An expression that describes applicability criteria or start/stop conditions for the action.","同じ種類の複数の条件が存在する場合、効果は使用され、セマンティクスを使用して結合されるため、すべての条件が真である場合にのみ全体的な条件が当てはまります。 / When multiple conditions of the same kind are present, the effects are combined using AND semantics, so the overall condition is true only if all the conditions are true.","","","","","","","","",,,,,"",,,,"PlanDefinition.action.condition",0,*,"","ele-1:空のParametersリソースでない限り、すべてのFHIR要素には@valueまたはchildrenが必要です / All FHIR elements must have a @value or children unless an empty Parameters resource {hasValue() or (children().count() > id.count()) or $this is Parameters}
","N/A (to add?)"
"PlanDefinition.action.condition.id","PlanDefinition.action.condition.id","","","",0,1,"","","","string {[]} {[]}
","要素間参照のための一意のID / Unique id for inter-element referencing","リソース内の要素の一意のID（内部参照用）。これは、スペースを含まない文字列値である場合があります。 / Unique id for the element within a resource (for internal references). This may be any string value that does not contain spaces.","","","","","","","","","",,,,,"",,,,"Element.id",0,1,"","","n/a"
"PlanDefinition.action.condition.extension","PlanDefinition.action.condition.extension","","extensions
user content","",0,*,"","","","Extension {[]} {[]}
","実装で定義された追加のコンテンツ / Additional content defined by implementations","要素の基本的な定義の一部ではない追加情報を表すために使用できます。拡張機能を安全で管理しやすくするために、拡張機能の定義と使用に適用される厳格なガバナンスセットがあります。実装者は拡張機能を定義できますが、拡張機能の定義の一部として満たされる一連の要件があります。 / May be used to represent additional information that is not part of the basic definition of the element. To make the use of extensions safe and manageable, there is a strict set of governance  applied to the definition and use of extensions. Though any implementer can define an extension, there is a set of requirements that SHALL be met as part of the definition of the extension.","拡張機能を使用または定義する機関や管轄権に関係なく、アプリケーション、プロジェクト、または標準による拡張機能の使用に関連するスティグマはありません。拡張機能の使用は、FHIR仕様がすべての人にコアレベルのシンプルさを保持できるようにするものです。 / There can be no stigma associated with the use of extensions by any application, project, or standard - regardless of the institution or jurisdiction that uses or defines the extensions.  The use of extensions is what allows the FHIR specification to retain a core level of simplicity for everyone.","","","","","","","","",,,,,"",,,,"Element.extension",0,*,"","ele-1:すべてのFHIR要素には、@valueまたは子要素が必要です / All FHIR elements must have a @value or children {hasValue() or (children().count() > id.count())}
ext-1:両方ではなく、拡張または値[x]が必要です / Must have either extensions or value[x], not both {extension.exists() != value.exists()}","n/a"
"PlanDefinition.action.condition.modifierExtension","PlanDefinition.action.condition.modifierExtension","","extensions
user contentmodifiers","",0,*,"","Y","Y","Extension {[]} {[]}
","認識されていなくても無視できない拡張機能 / Extensions that cannot be ignored even if unrecognized","要素の基本的な定義の一部ではなく、それが含まれている要素の理解、および/または含まれる要素の子孫の理解を変更するために使用される場合があります。通常、修飾子要素は否定または資格を提供します。拡張機能を安全で管理しやすくするために、拡張機能の定義と使用に適用される厳格なガバナンスセットがあります。実装者は拡張機能を定義できますが、拡張機能の定義の一部として満たされる一連の要件があります。アプリケーションの処理リソースは、修飾子拡張機能をチェックする必要があります。

モディファイア拡張は、リソースまたはdomainResource上の要素の意味を変更してはなりません（修飾軸自体の意味を変更することはできません）。 / May be used to represent additional information that is not part of the basic definition of the element and that modifies the understanding of the element in which it is contained and/or the understanding of the containing element's descendants. Usually modifier elements provide negation or qualification. To make the use of extensions safe and manageable, there is a strict set of governance applied to the definition and use of extensions. Though any implementer can define an extension, there is a set of requirements that SHALL be met as part of the definition of the extension. Applications processing a resource are required to check for modifier extensions.

Modifier extensions SHALL NOT change the meaning of any elements on Resource or DomainResource (including cannot change the meaning of modifierExtension itself).","拡張機能を使用または定義する機関や管轄権に関係なく、アプリケーション、プロジェクト、または標準による拡張機能の使用に関連するスティグマはありません。拡張機能の使用は、FHIR仕様がすべての人にコアレベルのシンプルさを保持できるようにするものです。 / There can be no stigma associated with the use of extensions by any application, project, or standard - regardless of the institution or jurisdiction that uses or defines the extensions.  The use of extensions is what allows the FHIR specification to retain a core level of simplicity for everyone.","修飾子拡張機能により、安全に無視できる大部分の拡張機能と明確に区別できるように、安全に無視できない拡張機能が可能になります。これにより、実装者が拡張の存在を禁止する必要性を排除することにより、相互運用性が促進されます。詳細については、[修飾子拡張の定義]（拡張性.html＃modifierextension）を参照してください。 / Modifier extensions allow for extensions that *cannot* be safely ignored to be clearly distinguished from the vast majority of extensions which can be safely ignored.  This promotes interoperability by eliminating the need for implementers to prohibit the presence of extensions. For further information, see the [definition of modifier extensions](http://hl7.org/fhir/R4B/extensibility.html#modifierExtension).","","","","","","","",,,,,"",,,,"BackboneElement.modifierExtension",0,*,"","ele-1:すべてのFHIR要素には、@valueまたは子要素が必要です / All FHIR elements must have a @value or children {hasValue() or (children().count() > id.count())}
ext-1:両方ではなく、拡張または値[x]が必要です / Must have either extensions or value[x], not both {extension.exists() != value.exists()}","N/A"
"PlanDefinition.action.condition.kind","PlanDefinition.action.condition.kind","","","",1,1,"","","","code {[]} {[]}
","適用性|開始|止まる / applicability | start | stop","種類の状態。 / The kind of condition.","適用性基準は、計画定義が特定のコンテキストに適用される場合の即時の適用性を決定するために使用されます。開始基準と停止基準は、アプリケーションを通じて実行され、アクションのENTER/EXIT基準を説明するために使用されます。 / Applicability criteria are used to determine immediate applicability when a plan definition is applied to a given context. Start and stop criteria are carried through application and used to describe enter/exit criteria for an action.","","","","","","","","",,"required","アクションに表示される可能性のある条件の種類を定義します。 / Defines the kinds of conditions that can appear on actions.","http://hl7.org/fhir/ValueSet/action-condition-kind|4.3.0","",,,,"PlanDefinition.action.condition.kind",1,1,"","ele-1:すべてのFHIR要素には、@valueまたは子要素が必要です / All FHIR elements must have a @value or children {hasValue() or (children().count() > id.count())}
","N/A (to add?)"
"PlanDefinition.action.condition.expression","PlanDefinition.action.condition.expression","","","",0,1,"","","","Expression {[]} {[]}
","ブール値の式 / Boolean-valued expression","条件が満たされているかどうかを示す、真または偽を返す式。 / An expression that returns true or false, indicating whether the condition is satisfied.","式にインラキングされるか、ライブラリ要素によって参照されるロジックライブラリ内の名前付き式への参照である場合があります。 / The expression may be inlined or may be a reference to a named expression within a logic library referenced by the library element.","","","","","","","","",,,,,"",,,,"PlanDefinition.action.condition.expression",0,1,"","ele-1:すべてのFHIR要素には、@valueまたは子要素が必要です / All FHIR elements must have a @value or children {hasValue() or (children().count() > id.count())}
","N/A (to add?)"
"PlanDefinition.action.input","PlanDefinition.action.input","","","",0,*,"","","","DataRequirement {[]} {[]}
","入力データ要件 / Input data requirements","アクションの入力データ要件を定義します。 / Defines input data requirements for the action.","","","","","","","","","",,,,,"",,,,"PlanDefinition.action.input",0,*,"","ele-1:すべてのFHIR要素には、@valueまたは子要素が必要です / All FHIR elements must have a @value or children {hasValue() or (children().count() > id.count())}
","N/A (to add?)"
"PlanDefinition.action.output","PlanDefinition.action.output","","","",0,*,"","","","DataRequirement {[]} {[]}
","出力データ定義 / Output data definition","ある場合は、アクションの出力を定義します。 / Defines the outputs of the action, if any.","","","","","","","","","",,,,,"",,,,"PlanDefinition.action.output",0,*,"","ele-1:すべてのFHIR要素には、@valueまたは子要素が必要です / All FHIR elements must have a @value or children {hasValue() or (children().count() > id.count())}
","N/A (to add?)"
"PlanDefinition.action.relatedAction","PlanDefinition.action.relatedAction","","","",0,*,"","","","BackboneElement {[]} {[]}
","別のアクションとの関係 / Relationship to another action","「前」または「開始後30〜60分」などの別のアクションとの関係。 / A relationship to another action such as ""before"" or ""30-60 minutes after start of"".","アクションが複数のアクションに依存する場合、意味はすべてのアクションが依存関係であるということです。 / When an action depends on multiple actions, the meaning is that all actions are dependencies, rather than that any of the actions are a dependency.","","","","","","","","",,,,,"",,,,"PlanDefinition.action.relatedAction",0,*,"","ele-1:空のParametersリソースでない限り、すべてのFHIR要素には@valueまたはchildrenが必要です / All FHIR elements must have a @value or children unless an empty Parameters resource {hasValue() or (children().count() > id.count()) or $this is Parameters}
","N/A (to add?)"
"PlanDefinition.action.relatedAction.id","PlanDefinition.action.relatedAction.id","","","",0,1,"","","","string {[]} {[]}
","要素間参照のための一意のID / Unique id for inter-element referencing","リソース内の要素の一意のID（内部参照用）。これは、スペースを含まない文字列値である場合があります。 / Unique id for the element within a resource (for internal references). This may be any string value that does not contain spaces.","","","","","","","","","",,,,,"",,,,"Element.id",0,1,"","","n/a"
"PlanDefinition.action.relatedAction.extension","PlanDefinition.action.relatedAction.extension","","extensions
user content","",0,*,"","","","Extension {[]} {[]}
","実装で定義された追加のコンテンツ / Additional content defined by implementations","要素の基本的な定義の一部ではない追加情報を表すために使用できます。拡張機能を安全で管理しやすくするために、拡張機能の定義と使用に適用される厳格なガバナンスセットがあります。実装者は拡張機能を定義できますが、拡張機能の定義の一部として満たされる一連の要件があります。 / May be used to represent additional information that is not part of the basic definition of the element. To make the use of extensions safe and manageable, there is a strict set of governance  applied to the definition and use of extensions. Though any implementer can define an extension, there is a set of requirements that SHALL be met as part of the definition of the extension.","拡張機能を使用または定義する機関や管轄権に関係なく、アプリケーション、プロジェクト、または標準による拡張機能の使用に関連するスティグマはありません。拡張機能の使用は、FHIR仕様がすべての人にコアレベルのシンプルさを保持できるようにするものです。 / There can be no stigma associated with the use of extensions by any application, project, or standard - regardless of the institution or jurisdiction that uses or defines the extensions.  The use of extensions is what allows the FHIR specification to retain a core level of simplicity for everyone.","","","","","","","","",,,,,"",,,,"Element.extension",0,*,"","ele-1:すべてのFHIR要素には、@valueまたは子要素が必要です / All FHIR elements must have a @value or children {hasValue() or (children().count() > id.count())}
ext-1:両方ではなく、拡張または値[x]が必要です / Must have either extensions or value[x], not both {extension.exists() != value.exists()}","n/a"
"PlanDefinition.action.relatedAction.modifierExtension","PlanDefinition.action.relatedAction.modifierExtension","","extensions
user contentmodifiers","",0,*,"","Y","Y","Extension {[]} {[]}
","認識されていなくても無視できない拡張機能 / Extensions that cannot be ignored even if unrecognized","要素の基本的な定義の一部ではなく、それが含まれている要素の理解、および/または含まれる要素の子孫の理解を変更するために使用される場合があります。通常、修飾子要素は否定または資格を提供します。拡張機能を安全で管理しやすくするために、拡張機能の定義と使用に適用される厳格なガバナンスセットがあります。実装者は拡張機能を定義できますが、拡張機能の定義の一部として満たされる一連の要件があります。アプリケーションの処理リソースは、修飾子拡張機能をチェックする必要があります。

モディファイア拡張は、リソースまたはdomainResource上の要素の意味を変更してはなりません（修飾軸自体の意味を変更することはできません）。 / May be used to represent additional information that is not part of the basic definition of the element and that modifies the understanding of the element in which it is contained and/or the understanding of the containing element's descendants. Usually modifier elements provide negation or qualification. To make the use of extensions safe and manageable, there is a strict set of governance applied to the definition and use of extensions. Though any implementer can define an extension, there is a set of requirements that SHALL be met as part of the definition of the extension. Applications processing a resource are required to check for modifier extensions.

Modifier extensions SHALL NOT change the meaning of any elements on Resource or DomainResource (including cannot change the meaning of modifierExtension itself).","拡張機能を使用または定義する機関や管轄権に関係なく、アプリケーション、プロジェクト、または標準による拡張機能の使用に関連するスティグマはありません。拡張機能の使用は、FHIR仕様がすべての人にコアレベルのシンプルさを保持できるようにするものです。 / There can be no stigma associated with the use of extensions by any application, project, or standard - regardless of the institution or jurisdiction that uses or defines the extensions.  The use of extensions is what allows the FHIR specification to retain a core level of simplicity for everyone.","修飾子拡張機能により、安全に無視できる大部分の拡張機能と明確に区別できるように、安全に無視できない拡張機能が可能になります。これにより、実装者が拡張の存在を禁止する必要性を排除することにより、相互運用性が促進されます。詳細については、[修飾子拡張の定義]（拡張性.html＃modifierextension）を参照してください。 / Modifier extensions allow for extensions that *cannot* be safely ignored to be clearly distinguished from the vast majority of extensions which can be safely ignored.  This promotes interoperability by eliminating the need for implementers to prohibit the presence of extensions. For further information, see the [definition of modifier extensions](http://hl7.org/fhir/R4B/extensibility.html#modifierExtension).","","","","","","","",,,,,"",,,,"BackboneElement.modifierExtension",0,*,"","ele-1:すべてのFHIR要素には、@valueまたは子要素が必要です / All FHIR elements must have a @value or children {hasValue() or (children().count() > id.count())}
ext-1:両方ではなく、拡張または値[x]が必要です / Must have either extensions or value[x], not both {extension.exists() != value.exists()}","N/A"
"PlanDefinition.action.relatedAction.actionId","PlanDefinition.action.relatedAction.actionId","","","",1,1,"","","","id {[]} {[]}
","これはどのようなアクションに関連していますか / What action is this related to","関連するアクションの要素ID。 / The element id of the related action.","","","","","","","","","",,,,,"",,,,"PlanDefinition.action.relatedAction.actionId",1,1,"","ele-1:すべてのFHIR要素には、@valueまたは子要素が必要です / All FHIR elements must have a @value or children {hasValue() or (children().count() > id.count())}
","N/A (to add?)"
"PlanDefinition.action.relatedAction.relationship","PlanDefinition.action.relatedAction.relationship","","","",1,1,"","","","code {[]} {[]}
","スタート前|前|終了前|スタートと同時|同時|並行して逆|アフタースタート|後|アフターエンド / before-start | before | before-end | concurrent-with-start | concurrent | concurrent-with-end | after-start | after | after-end","このアクションと関連アクションとの関係。 / The relationship of this action to the related action.","","","","","","","","","",,"required","アクション間の関係のタイプを定義します。 / Defines the types of relationships between actions.","http://hl7.org/fhir/ValueSet/action-relationship-type|4.3.0","",,,,"PlanDefinition.action.relatedAction.relationship",1,1,"","ele-1:すべてのFHIR要素には、@valueまたは子要素が必要です / All FHIR elements must have a @value or children {hasValue() or (children().count() > id.count())}
","N/A (to add?)"
"PlanDefinition.action.relatedAction.offset[x]","PlanDefinition.action.relatedAction.offset[x]","","","",0,1,"","","","Duration {[]} {[]}
Range {[]} {[]}","関係のタイムオフセット / Time offset for the relationship","関係に適用する期間または期間の範囲。たとえば、30〜60分前。 / A duration or range of durations to apply to the relationship. For example, 30-60 minutes before.","","","","","","","","","",,,,,"",,,,"PlanDefinition.action.relatedAction.offset[x]",0,1,"","ele-1:すべてのFHIR要素には、@valueまたは子要素が必要です / All FHIR elements must have a @value or children {hasValue() or (children().count() > id.count())}
","N/A (to add?)"
"PlanDefinition.action.timing[x]","PlanDefinition.action.timing[x]","","","",0,1,"","","","Timing {[]} {[]}
","【仮】総サイクル（n日サイクルを n回繰り返す等）","アクションを実行する必要があることを説明するオプションの値。 / An optional value describing when the action should be performed.","
例: 14日サイクルを12回繰り返す
timingTiming : {
  repeat : {
    count : 12,
    duration : 14,
    durationUnit : d
  }
}
","","","","","","","","",,,,,"",,,,"PlanDefinition.action.timing[x]",0,1,"","ele-1:すべてのFHIR要素には、@valueまたは子要素が必要です / All FHIR elements must have a @value or children {hasValue() or (children().count() > id.count())}
",".effectiveTime"
"PlanDefinition.action.participant","PlanDefinition.action.participant","","","",0,*,"","","","BackboneElement {[]} {[]}
","誰がアクションに参加すべきか / Who should participate in the action","説明されているアクションの実行に誰が参加すべきかを示します。 / Indicates who should participate in performing the action described.","","","","","","","","","",,,,,"",,,,"PlanDefinition.action.participant",0,*,"","ele-1:空のParametersリソースでない限り、すべてのFHIR要素には@valueまたはchildrenが必要です / All FHIR elements must have a @value or children unless an empty Parameters resource {hasValue() or (children().count() > id.count()) or $this is Parameters}
",".participation[typeCode=PFM]"
"PlanDefinition.action.participant.id","PlanDefinition.action.participant.id","","","",0,1,"","","","string {[]} {[]}
","要素間参照のための一意のID / Unique id for inter-element referencing","リソース内の要素の一意のID（内部参照用）。これは、スペースを含まない文字列値である場合があります。 / Unique id for the element within a resource (for internal references). This may be any string value that does not contain spaces.","","","","","","","","","",,,,,"",,,,"Element.id",0,1,"","","n/a"
"PlanDefinition.action.participant.extension","PlanDefinition.action.participant.extension","","extensions
user content","",0,*,"","","","Extension {[]} {[]}
","実装で定義された追加のコンテンツ / Additional content defined by implementations","要素の基本的な定義の一部ではない追加情報を表すために使用できます。拡張機能を安全で管理しやすくするために、拡張機能の定義と使用に適用される厳格なガバナンスセットがあります。実装者は拡張機能を定義できますが、拡張機能の定義の一部として満たされる一連の要件があります。 / May be used to represent additional information that is not part of the basic definition of the element. To make the use of extensions safe and manageable, there is a strict set of governance  applied to the definition and use of extensions. Though any implementer can define an extension, there is a set of requirements that SHALL be met as part of the definition of the extension.","拡張機能を使用または定義する機関や管轄権に関係なく、アプリケーション、プロジェクト、または標準による拡張機能の使用に関連するスティグマはありません。拡張機能の使用は、FHIR仕様がすべての人にコアレベルのシンプルさを保持できるようにするものです。 / There can be no stigma associated with the use of extensions by any application, project, or standard - regardless of the institution or jurisdiction that uses or defines the extensions.  The use of extensions is what allows the FHIR specification to retain a core level of simplicity for everyone.","","","","","","","","",,,,,"",,,,"Element.extension",0,*,"","ele-1:すべてのFHIR要素には、@valueまたは子要素が必要です / All FHIR elements must have a @value or children {hasValue() or (children().count() > id.count())}
ext-1:両方ではなく、拡張または値[x]が必要です / Must have either extensions or value[x], not both {extension.exists() != value.exists()}","n/a"
"PlanDefinition.action.participant.modifierExtension","PlanDefinition.action.participant.modifierExtension","","extensions
user contentmodifiers","",0,*,"","Y","Y","Extension {[]} {[]}
","認識されていなくても無視できない拡張機能 / Extensions that cannot be ignored even if unrecognized","要素の基本的な定義の一部ではなく、それが含まれている要素の理解、および/または含まれる要素の子孫の理解を変更するために使用される場合があります。通常、修飾子要素は否定または資格を提供します。拡張機能を安全で管理しやすくするために、拡張機能の定義と使用に適用される厳格なガバナンスセットがあります。実装者は拡張機能を定義できますが、拡張機能の定義の一部として満たされる一連の要件があります。アプリケーションの処理リソースは、修飾子拡張機能をチェックする必要があります。

モディファイア拡張は、リソースまたはdomainResource上の要素の意味を変更してはなりません（修飾軸自体の意味を変更することはできません）。 / May be used to represent additional information that is not part of the basic definition of the element and that modifies the understanding of the element in which it is contained and/or the understanding of the containing element's descendants. Usually modifier elements provide negation or qualification. To make the use of extensions safe and manageable, there is a strict set of governance applied to the definition and use of extensions. Though any implementer can define an extension, there is a set of requirements that SHALL be met as part of the definition of the extension. Applications processing a resource are required to check for modifier extensions.

Modifier extensions SHALL NOT change the meaning of any elements on Resource or DomainResource (including cannot change the meaning of modifierExtension itself).","拡張機能を使用または定義する機関や管轄権に関係なく、アプリケーション、プロジェクト、または標準による拡張機能の使用に関連するスティグマはありません。拡張機能の使用は、FHIR仕様がすべての人にコアレベルのシンプルさを保持できるようにするものです。 / There can be no stigma associated with the use of extensions by any application, project, or standard - regardless of the institution or jurisdiction that uses or defines the extensions.  The use of extensions is what allows the FHIR specification to retain a core level of simplicity for everyone.","修飾子拡張機能により、安全に無視できる大部分の拡張機能と明確に区別できるように、安全に無視できない拡張機能が可能になります。これにより、実装者が拡張の存在を禁止する必要性を排除することにより、相互運用性が促進されます。詳細については、[修飾子拡張の定義]（拡張性.html＃modifierextension）を参照してください。 / Modifier extensions allow for extensions that *cannot* be safely ignored to be clearly distinguished from the vast majority of extensions which can be safely ignored.  This promotes interoperability by eliminating the need for implementers to prohibit the presence of extensions. For further information, see the [definition of modifier extensions](http://hl7.org/fhir/R4B/extensibility.html#modifierExtension).","","","","","","","",,,,,"",,,,"BackboneElement.modifierExtension",0,*,"","ele-1:すべてのFHIR要素には、@valueまたは子要素が必要です / All FHIR elements must have a @value or children {hasValue() or (children().count() > id.count())}
ext-1:両方ではなく、拡張または値[x]が必要です / Must have either extensions or value[x], not both {extension.exists() != value.exists()}","N/A"
"PlanDefinition.action.participant.type","PlanDefinition.action.participant.type","","","",1,1,"","","","code {[]} {[]}
","患者|開業医|関連者|デバイス / patient | practitioner | related-person | device","アクションの参加者のタイプ。 / The type of participant in the action.","","","","","","","","","",,"required","アクションの参加者のタイプ。 / The type of participant for the action.","http://hl7.org/fhir/ValueSet/action-participant-type|4.3.0","",,,,"PlanDefinition.action.participant.type",1,1,"","ele-1:すべてのFHIR要素には、@valueまたは子要素が必要です / All FHIR elements must have a @value or children {hasValue() or (children().count() > id.count())}
",".role.classCode"
"PlanDefinition.action.participant.role","PlanDefinition.action.participant.role","","","",0,1,"","","","CodeableConcept {[]} {[]}
","例えば。看護師、外科医、親 / E.g. Nurse, Surgeon, Parent","参加者が説明されたアクションを実行する際に果たすべき役割。 / The role the participant should play in performing the described action.","","","","","","","","","",,"example","アクションのために参加者が演じる役割を定義します。 / Defines roles played by participants for the action.","http://terminology.hl7.org/ValueSet/action-participant-role","",,,,"PlanDefinition.action.participant.role",0,1,"","ele-1:すべてのFHIR要素には、@valueまたは子要素が必要です / All FHIR elements must have a @value or children {hasValue() or (children().count() > id.count())}
",".role.code"
"PlanDefinition.action.type","PlanDefinition.action.type","","","",0,1,"","","","CodeableConcept {[]} {[]}
","作成|更新|削除|ファイアイベント / create | update | remove | fire-event","実行するアクションの種類（作成、更新、削除）。 / The type of action to perform (create, update, remove).","","","","","","","","","",,"extensible","実行されるアクションの種類。 / The type of action to be performed.","http://hl7.org/fhir/ValueSet/action-type|4.3.0","",,,,"PlanDefinition.action.type",0,1,"","ele-1:すべてのFHIR要素には、@valueまたは子要素が必要です / All FHIR elements must have a @value or children {hasValue() or (children().count() > id.count())}
",".moodCode { Maybe? this is effectively Create, Update, or Delete }"
"PlanDefinition.action.groupingBehavior","PlanDefinition.action.groupingBehavior","","","",0,1,"","","","code {[]} {[]}
","ビジュアルグループ|論理グループ|文とグループ / visual-group | logical-group | sentence-group","アクションとその子供のグループ化行動を定義します。 / Defines the grouping behavior for the action and its children.","","","","","","","","","",,"required","グループの組織行動を定義します。 / Defines organization behavior of a group.","http://hl7.org/fhir/ValueSet/action-grouping-behavior|4.3.0","",,,,"PlanDefinition.action.groupingBehavior",0,1,"","ele-1:すべてのFHIR要素には、@valueまたは子要素が必要です / All FHIR elements must have a @value or children {hasValue() or (children().count() > id.count())}
","N/A"
"PlanDefinition.action.selectionBehavior","PlanDefinition.action.selectionBehavior","","","",0,1,"","","","code {[]} {[]}
","任意の|すべて|オールオアノーン|正確に1つ|一つの1つ|1つ以上 / any | all | all-or-none | exactly-one | at-most-one | one-or-more","アクションとその子供の選択行動を定義します。 / Defines the selection behavior for the action and its children.","","","","","","","","","",,"required","グループの選択動作を定義します。 / Defines selection behavior of a group.","http://hl7.org/fhir/ValueSet/action-selection-behavior|4.3.0","",,,,"PlanDefinition.action.selectionBehavior",0,1,"","ele-1:すべてのFHIR要素には、@valueまたは子要素が必要です / All FHIR elements must have a @value or children {hasValue() or (children().count() > id.count())}
","N/A"
"PlanDefinition.action.requiredBehavior","PlanDefinition.action.requiredBehavior","","","",0,1,"","","","code {[]} {[]}
","マスト||必須ではない文書化 / must | could | must-unless-documented","アクションに必要な動作を定義します。 / Defines the required behavior for the action.","","","","","","","","","",,"required","アクショングループまたはアクショングループが必要かどうかについての期待を定義します。 / Defines expectations around whether an action or action group is required.","http://hl7.org/fhir/ValueSet/action-required-behavior|4.3.0","",,,,"PlanDefinition.action.requiredBehavior",0,1,"","ele-1:すべてのFHIR要素には、@valueまたは子要素が必要です / All FHIR elements must have a @value or children {hasValue() or (children().count() > id.count())}
","N/A"
"PlanDefinition.action.precheckBehavior","PlanDefinition.action.precheckBehavior","","","",0,1,"","","","code {[]} {[]}
","はい|番号 / yes | no","通常、アクションを事前に選択する必要があるかどうかを定義します。 / Defines whether the action should usually be preselected.","","","","","","","","","",,"required","アクションまたはグループの選択頻度の動作を定義します。 / Defines selection frequency behavior for an action or group.","http://hl7.org/fhir/ValueSet/action-precheck-behavior|4.3.0","",,,,"PlanDefinition.action.precheckBehavior",0,1,"","ele-1:すべてのFHIR要素には、@valueまたは子要素が必要です / All FHIR elements must have a @value or children {hasValue() or (children().count() > id.count())}
","N/A"
"PlanDefinition.action.cardinalityBehavior","PlanDefinition.action.cardinalityBehavior","","","",0,1,"","","","code {[]} {[]}
","シングル|多数 / single | multiple","アクションを複数回選択できるかどうかを定義します。 / Defines whether the action can be selected multiple times.","","","","","","","","","",,"required","アクションまたはグループの動作を定義します。そのアイテムが繰り返される回数について。 / Defines behavior for an action or a group for how many times that item may be repeated.","http://hl7.org/fhir/ValueSet/action-cardinality-behavior|4.3.0","",,,,"PlanDefinition.action.cardinalityBehavior",0,1,"","ele-1:すべてのFHIR要素には、@valueまたは子要素が必要です / All FHIR elements must have a @value or children {hasValue() or (children().count() > id.count())}
","N/A"
"PlanDefinition.action.definition[x]","PlanDefinition.action.definition[x]","","","",0,1,"","","","canonical {[]} {[CanonicalType[http://jpfhir.jp/fhir/core/StructureDefinition/JP_ActivityDefinition_ChemotherapyRegimen_Injection], CanonicalType[http://jpfhir.jp/fhir/core/StructureDefinition/JP_ActivityDefinition_ChemotherapyRegimen_Oral]]}
","【仮】医薬品情報のActivityDefinitionを参照する","詳細に取得するアクションを説明するアクティビティデフィニッションへの参照、または取得する一連のアクションを説明するプランディング。 / A reference to an ActivityDefinition that describes the action to be taken in detail, or a PlanDefinition that describes a series of actions to be taken.","定義はオプションであり、定義が指定されていない場合、ルート（$この）を持つ動的数値を使用して、リソース全体を動的に定義できることに注意してください。 / Note that the definition is optional, and if no definition is specified, a dynamicValue with a root ($this) path can be used to define the entire resource dynamically.","","","","","","","","",,,,,"",,,,"PlanDefinition.action.definition[x]",0,1,"","ele-1:すべてのFHIR要素には、@valueまたは子要素が必要です / All FHIR elements must have a @value or children {hasValue() or (children().count() > id.count())}
","Definition.derivedFrom","Act[classCode=ACT; moodCode=DEFN]"
"PlanDefinition.action.transform","PlanDefinition.action.transform","","","",0,1,"","","","canonical {[]} {[CanonicalType[http://hl7.org/fhir/StructureDefinition/StructureMap|4.3.0]]}
","テンプレートを適用するために変換します / Transform to apply the template","Activitydefinitionインスタンスを入力として使用して、意図リソースを生成するために実行できる変換を定義するStructureMapリソースへの参照。 / A reference to a StructureMap resource that defines a transform that can be executed to produce the intent resource using the ActivityDefinition instance as the input.","参照されるActivity -Definitionが変換も定義する場合、ここで指定された変換が一般的に優先されることに注意してください。さらに、変換値と動的値の両方が固有の場合、動的値は変換の結果に適用されます。 / Note that when a referenced ActivityDefinition also defines a transform, the transform specified here generally takes precedence. In addition, if both a transform and dynamic values are specific, the dynamic values are applied to the result of the transform.","","","","","","","","",,,,,"",,,,"PlanDefinition.action.transform",0,1,"","ele-1:すべてのFHIR要素には、@valueまたは子要素が必要です / All FHIR elements must have a @value or children {hasValue() or (children().count() > id.count())}
","N/A"
"PlanDefinition.action.dynamicValue","PlanDefinition.action.dynamicValue","","","",0,*,"","","","BackboneElement {[]} {[]}
","定義の動的な側面 / Dynamic aspects of the definition","静的に定義されたリソースに適用する必要があるカスタマイズ。たとえば、薬物の投与量を患者の体重に基づいて計算する必要がある場合、カスタマイズを使用して、重量を計算する式と結果を含むリソースの経路を指定するために使用されます。 / Customizations that should be applied to the statically defined resource. For example, if the dosage of a medication must be computed based on the patient's weight, a customization would be used to specify an expression that calculated the weight, and the path on the resource that would contain the result.","動的値は、プランディングリソースで定義されている順序で適用されます。動的値が参照されるActivity -Definitionによっても指定されている場合、Activity -Definitionの動的値が最初に適用され、次にここで指定された動的値が続くことに注意してください。さらに、変換値と動的値の両方が固有の場合、動的値は変換の結果に適用されます。 / Dynamic values are applied in the order in which they are defined in the PlanDefinition resource. Note that when dynamic values are also specified by a referenced ActivityDefinition, the dynamicValues from the ActivityDefinition are applied first, followed by the dynamicValues specified here. In addition, if both a transform and dynamic values are specific, the dynamic values are applied to the result of the transform.","","","","","","","","",,,,,"",,,,"PlanDefinition.action.dynamicValue",0,*,"","ele-1:空のParametersリソースでない限り、すべてのFHIR要素には@valueまたはchildrenが必要です / All FHIR elements must have a @value or children unless an empty Parameters resource {hasValue() or (children().count() > id.count()) or $this is Parameters}
","N/A"
"PlanDefinition.action.dynamicValue.id","PlanDefinition.action.dynamicValue.id","","","",0,1,"","","","string {[]} {[]}
","要素間参照のための一意のID / Unique id for inter-element referencing","リソース内の要素の一意のID（内部参照用）。これは、スペースを含まない文字列値である場合があります。 / Unique id for the element within a resource (for internal references). This may be any string value that does not contain spaces.","","","","","","","","","",,,,,"",,,,"Element.id",0,1,"","","n/a"
"PlanDefinition.action.dynamicValue.extension","PlanDefinition.action.dynamicValue.extension","","extensions
user content","",0,*,"","","","Extension {[]} {[]}
","実装で定義された追加のコンテンツ / Additional content defined by implementations","要素の基本的な定義の一部ではない追加情報を表すために使用できます。拡張機能を安全で管理しやすくするために、拡張機能の定義と使用に適用される厳格なガバナンスセットがあります。実装者は拡張機能を定義できますが、拡張機能の定義の一部として満たされる一連の要件があります。 / May be used to represent additional information that is not part of the basic definition of the element. To make the use of extensions safe and manageable, there is a strict set of governance  applied to the definition and use of extensions. Though any implementer can define an extension, there is a set of requirements that SHALL be met as part of the definition of the extension.","拡張機能を使用または定義する機関や管轄権に関係なく、アプリケーション、プロジェクト、または標準による拡張機能の使用に関連するスティグマはありません。拡張機能の使用は、FHIR仕様がすべての人にコアレベルのシンプルさを保持できるようにするものです。 / There can be no stigma associated with the use of extensions by any application, project, or standard - regardless of the institution or jurisdiction that uses or defines the extensions.  The use of extensions is what allows the FHIR specification to retain a core level of simplicity for everyone.","","","","","","","","",,,,,"",,,,"Element.extension",0,*,"","ele-1:すべてのFHIR要素には、@valueまたは子要素が必要です / All FHIR elements must have a @value or children {hasValue() or (children().count() > id.count())}
ext-1:両方ではなく、拡張または値[x]が必要です / Must have either extensions or value[x], not both {extension.exists() != value.exists()}","n/a"
"PlanDefinition.action.dynamicValue.modifierExtension","PlanDefinition.action.dynamicValue.modifierExtension","","extensions
user contentmodifiers","",0,*,"","Y","Y","Extension {[]} {[]}
","認識されていなくても無視できない拡張機能 / Extensions that cannot be ignored even if unrecognized","要素の基本的な定義の一部ではなく、それが含まれている要素の理解、および/または含まれる要素の子孫の理解を変更するために使用される場合があります。通常、修飾子要素は否定または資格を提供します。拡張機能を安全で管理しやすくするために、拡張機能の定義と使用に適用される厳格なガバナンスセットがあります。実装者は拡張機能を定義できますが、拡張機能の定義の一部として満たされる一連の要件があります。アプリケーションの処理リソースは、修飾子拡張機能をチェックする必要があります。

モディファイア拡張は、リソースまたはdomainResource上の要素の意味を変更してはなりません（修飾軸自体の意味を変更することはできません）。 / May be used to represent additional information that is not part of the basic definition of the element and that modifies the understanding of the element in which it is contained and/or the understanding of the containing element's descendants. Usually modifier elements provide negation or qualification. To make the use of extensions safe and manageable, there is a strict set of governance applied to the definition and use of extensions. Though any implementer can define an extension, there is a set of requirements that SHALL be met as part of the definition of the extension. Applications processing a resource are required to check for modifier extensions.

Modifier extensions SHALL NOT change the meaning of any elements on Resource or DomainResource (including cannot change the meaning of modifierExtension itself).","拡張機能を使用または定義する機関や管轄権に関係なく、アプリケーション、プロジェクト、または標準による拡張機能の使用に関連するスティグマはありません。拡張機能の使用は、FHIR仕様がすべての人にコアレベルのシンプルさを保持できるようにするものです。 / There can be no stigma associated with the use of extensions by any application, project, or standard - regardless of the institution or jurisdiction that uses or defines the extensions.  The use of extensions is what allows the FHIR specification to retain a core level of simplicity for everyone.","修飾子拡張機能により、安全に無視できる大部分の拡張機能と明確に区別できるように、安全に無視できない拡張機能が可能になります。これにより、実装者が拡張の存在を禁止する必要性を排除することにより、相互運用性が促進されます。詳細については、[修飾子拡張の定義]（拡張性.html＃modifierextension）を参照してください。 / Modifier extensions allow for extensions that *cannot* be safely ignored to be clearly distinguished from the vast majority of extensions which can be safely ignored.  This promotes interoperability by eliminating the need for implementers to prohibit the presence of extensions. For further information, see the [definition of modifier extensions](http://hl7.org/fhir/R4B/extensibility.html#modifierExtension).","","","","","","","",,,,,"",,,,"BackboneElement.modifierExtension",0,*,"","ele-1:すべてのFHIR要素には、@valueまたは子要素が必要です / All FHIR elements must have a @value or children {hasValue() or (children().count() > id.count())}
ext-1:両方ではなく、拡張または値[x]が必要です / Must have either extensions or value[x], not both {extension.exists() != value.exists()}","N/A"
"PlanDefinition.action.dynamicValue.path","PlanDefinition.action.dynamicValue.path","","","",0,1,"","","","string {[]} {[]}
","動的に設定する要素へのパス / The path to the element to be set dynamically","カスタマイズされる要素へのパス。これは、式によって定義された計算の結果を保持するリソースのパスです。指定されたパスは、指定されたターゲットタイプのActivity -Definitionで解決可能なFHIRPATHであり、identifier、一定のインデクサー、および関数の制限付きサブセットのみで構成されます。パスは、サブエレメントを通過する予選（。）を含むことができます。また、インデクサー（[x]）が複数のカードサブエレメントを通過します（[simple fhirpathプロファイル]（fhirpath.html＃simpleを参照）。詳細）。 / The path to the element to be customized. This is the path on the resource that will hold the result of the calculation defined by the expression. The specified path SHALL be a FHIRPath resolveable on the specified target type of the ActivityDefinition, and SHALL consist only of identifiers, constant indexers, and a restricted subset of functions. The path is allowed to contain qualifiers (.) to traverse sub-elements, as well as indexers ([x]) to traverse multiple-cardinality sub-elements (see the [Simple FHIRPath Profile](http://hl7.org/fhir/R4B/fhirpath.html#simple) for full details).","実現されている現在のアクションへのパスを指定するために、このパスで％アクション環境変数が利用可能です。たとえば、ターゲットアクションの説明要素を指定するには、パスは％action.descriptionです。パス属性には、[simple fhirpath Subset]（fhirpath.html＃simple）が含まれています。 / To specify the path to the current action being realized, the %action environment variable is available in this path. For example, to specify the description element of the target action, the path would be %action.description. The path attribute contains a [Simple FHIRPath Subset](http://hl7.org/fhir/R4B/fhirpath.html#simple) that allows path traversal, but not calculation.","","","","","","","","",,,,,"",,,,"PlanDefinition.action.dynamicValue.path",0,1,"","ele-1:すべてのFHIR要素には、@valueまたは子要素が必要です / All FHIR elements must have a @value or children {hasValue() or (children().count() > id.count())}
","N/A"
"PlanDefinition.action.dynamicValue.expression","PlanDefinition.action.dynamicValue.expression","","","",0,1,"","","","Expression {[]} {[]}
","カスタマイズの動的値を提供する式 / An expression that provides the dynamic value for the customization","カスタマイズされた要素の値を指定する式。 / An expression specifying the value of the customized element.","式にインラキングされるか、ライブラリ要素によって参照されるロジックライブラリ内の名前付き式への参照である場合があります。 / The expression may be inlined or may be a reference to a named expression within a logic library referenced by the library element.","","","","","","","","",,,,,"",,,,"PlanDefinition.action.dynamicValue.expression",0,1,"","ele-1:すべてのFHIR要素には、@valueまたは子要素が必要です / All FHIR elements must have a @value or children {hasValue() or (children().count() > id.count())}
","N/A"
"PlanDefinition.action.action","PlanDefinition.action.action","","","",0,*,"","","","null {[]} {[]}
","サブアクション / A sub-action","アクション内に含まれるサブアクション。このアクションの動作により、サブアクションの機能が決定されます。たとえば、一時的な1つの選択動作は、サブアクションのうち、せいぜいアクション定義の一部として選択される可能性があることを示しています。 / Sub actions that are contained within the action. The behavior of this action determines the functionality of the sub-actions. For example, a selection behavior of at-most-one indicates that of the sub-actions, at most one may be chosen as part of realizing the action definition.","","","","","","","","","",,,,,"",,,,"PlanDefinition.action.action",0,*,"","ele-1:すべてのFHIR要素には、@valueまたは子要素が必要です / All FHIR elements must have a @value or children {hasValue() or (children().count() > id.count())}
","{InverseRelationship of Definition.partOf}","N/A"
